sample_id,outer_fold,actual_category,reference_decision,raw_predicted_category,predicted_category,raw_probability_bad,raw_probability_explode,raw_probability_good,calibrated_probability_bad,calibrated_probability_explode,calibrated_probability_good,calibrated_probability_fail,pass_probability_good_threshold,fail_probability_fail_threshold,probability_decision,range_flag,range_violation_count,range_violated_features,range_decision,mahalanobis_distance,mahalanobis_distance_threshold,mahalanobis_distance_ratio,mahalanobis_flag,mahalanobis_decision,combined_ood_flag,combined_decision
1,5,Bad,FAIL,Bad,Bad,0.9931072002733794,0.0010829493087557605,0.005809850417865314,0.8252361898883479,0.06666956095938481,0.10809424915226735,0.8919057508477326,0.9600876803717303,0.5036582252577105,FAIL,False,0,,FAIL,5.555551106194528,5.6822615427468515,0.977700703214891,False,FAIL,False,FAIL
3,1,Good,PASS,Good,Good,0.008376994241480222,0.07552070142551633,0.9161023043330033,0.009929431737827621,0.034818134152715556,0.9552524341094568,0.044747565890543184,0.9684448417522019,0.6483989643916256,REVIEW,False,0,,REVIEW,5.299066837794972,5.806749667051168,0.9125702228672082,False,REVIEW,False,REVIEW
4,2,Bad,FAIL,Bad,Bad,0.9658857465746244,0.023800312895139862,0.010313940530235655,0.7806482779986257,0.07944371509284975,0.13990800690852453,0.8600919930914754,0.9636029991363002,0.5732971203147535,FAIL,False,0,,FAIL,4.984114175215091,5.797883774611968,0.8596436853459796,False,FAIL,False,FAIL
5,2,Bad,FAIL,Bad,Bad,0.969396598241046,0.01135201743814686,0.019251384320807072,0.780423349636333,0.07726649093540308,0.1423101594282638,0.8576898405717361,0.9636029991363002,0.5732971203147535,FAIL,False,0,,FAIL,5.159045106781469,5.797883774611968,0.8898151993615542,False,FAIL,False,FAIL
6,4,Good,PASS,Good,Good,0.020858954205655856,0.20291564979896545,0.7762253959953788,0.014046851792774736,0.07001572631960273,0.9159374218876225,0.0840625781123775,0.9597281579652571,0.4342629915682729,REVIEW,False,0,,REVIEW,5.514424023038111,5.739317976054428,0.9608152128955706,False,REVIEW,False,REVIEW
7,5,Good,PASS,Good,Good,0.020634441033469918,0.3652065812061886,0.6141589777603417,0.02556711398054231,0.11422714110946143,0.8602057449099962,0.13979425509000376,0.9600876803717303,0.5036582252577105,REVIEW,False,0,,REVIEW,5.749637581848952,5.6822615427468515,1.011857257642092,True,REVIEW,True,REVIEW
8,2,Bad,FAIL,Bad,Bad,0.9998192539681948,0.0,0.00018074603180523517,0.8055723553832003,0.07024707756038509,0.1241805670564145,0.8758194329435856,0.9636029991363002,0.5732971203147535,FAIL,False,0,,FAIL,5.74461375827197,5.797883774611968,0.9908121620903718,False,FAIL,False,FAIL
9,1,Bad,FAIL,Bad,Bad,0.9993273648412742,0.0,0.0006726351587259736,0.7839376527736027,0.0834910591653807,0.13257128806101662,0.8674287119389834,0.9684448417522019,0.6483989643916256,FAIL,False,0,,FAIL,5.835644630729404,5.806749667051168,1.0049760994248111,True,REVIEW,True,REVIEW
10,2,Good,PASS,Good,Good,0.017348241130087826,0.07515868615446619,0.9074930727154458,0.010397181405422758,0.039086926608942224,0.950515891985635,0.04948410801436498,0.9636029991363002,0.5732971203147535,REVIEW,False,0,,REVIEW,5.975567202155457,5.797883774611968,1.0306462555047302,True,REVIEW,True,REVIEW
11,4,Good,PASS,Good,Good,0.02143999396100754,0.2790742284496163,0.6994857775893762,0.018970173561903406,0.0889089679885649,0.8921208584495316,0.1078791415504684,0.9597281579652571,0.4342629915682729,REVIEW,False,0,,REVIEW,5.536032674827626,5.739317976054428,0.9645802337359686,False,REVIEW,False,REVIEW
12,3,Bad,FAIL,Bad,Bad,0.9965086534348874,0.0013434343434343434,0.002147912221678222,0.7898463680225442,0.06312780416236317,0.1470258278150927,0.8529741721849073,0.963837291051891,0.6254091319493346,FAIL,False,0,,FAIL,4.945038837291888,5.542059401266124,0.8922746003339764,False,FAIL,False,FAIL
13,1,Bad,FAIL,Bad,Bad,0.9884549617592517,0.0061876247504990016,0.005357413490249095,0.7759193150402941,0.08627194172048513,0.13780874323922074,0.8621912567607792,0.9684448417522019,0.6483989643916256,FAIL,True,1,current_jensen_ratio,REVIEW,5.135477112803538,5.806749667051168,0.8843978830262678,False,FAIL,True,REVIEW
14,2,Good,PASS,Good,Good,0.012107374252857316,0.2981918512512308,0.6897007744959116,0.01946242410608405,0.0965095926444782,0.8840279832494378,0.11597201675056223,0.9636029991363002,0.5732971203147535,REVIEW,False,0,,REVIEW,4.987237671238979,5.797883774611968,0.8601824157078343,False,REVIEW,False,REVIEW
15,1,Good,PASS,Good,Good,0.013796048034929204,0.11657590314436403,0.8696280488207068,0.011930915044142688,0.04256754928130619,0.9455015356745511,0.054498464325448914,0.9684448417522019,0.6483989643916256,REVIEW,False,0,,REVIEW,5.445086145464785,5.806749667051168,0.9377167017137754,False,REVIEW,False,REVIEW
16,4,Bad,FAIL,Bad,Bad,0.9438408615334828,0.014967222068459083,0.04119191639805814,0.7904133874192787,0.08600661645816277,0.12357999612255853,0.8764200038774415,0.9597281579652571,0.4342629915682729,FAIL,True,4,current_mean_positive_a|current_rms_positive_a|current_min_positive_a|current_max_positive_a,REVIEW,5.6798357088389775,5.739317976054428,0.9896360042319274,False,FAIL,True,REVIEW
17,1,Bad,FAIL,Bad,Bad,0.921681784802513,0.056020827023684584,0.022297388173802314,0.7269043625889471,0.10637950151326103,0.16671613589779194,0.833283864102208,0.9684448417522019,0.6483989643916256,FAIL,True,1,thickness_a_mm,REVIEW,8.61811153644968,5.806749667051168,1.4841541362374937,True,REVIEW,True,REVIEW
18,5,Bad,FAIL,Bad,Bad,0.9868629196336982,0.0067944849162181065,0.006342595450083934,0.8218933724079386,0.06801953915305543,0.11008708843900591,0.8899129115609941,0.9600876803717303,0.5036582252577105,FAIL,False,0,,FAIL,5.679588583567987,5.6822615427468515,0.9995295958908691,False,FAIL,False,FAIL
19,3,Good,PASS,Explode,Explode,0.0011969969334884214,0.8520861996180179,0.1467168034484935,0.060367784275824746,0.5357491809114232,0.403883034812752,0.596116965187248,0.963837291051891,0.6254091319493346,REVIEW,False,0,,REVIEW,5.565504627816596,5.542059401266124,1.0042304177658425,True,REVIEW,True,REVIEW
20,4,Explode,FAIL,Good,Good,0.011446926944212975,0.48983625947789267,0.4987168135778942,0.038615732045171,0.16043675317119402,0.8009475147836349,0.1990524852163651,0.9597281579652571,0.4342629915682729,REVIEW,True,1,thickness_b_mm,REVIEW,6.9750971409687486,5.739317976054428,1.215318121433633,True,REVIEW,True,REVIEW
21,5,Explode,FAIL,Explode,Good,0.011982156920596622,0.7724894333316172,0.2155284097477862,0.08345903006052652,0.31672005996803704,0.5998209099714363,0.40017909002856367,0.9600876803717303,0.5036582252577105,REVIEW,False,0,,REVIEW,5.304859093379995,5.6822615427468515,0.933582351581723,False,REVIEW,False,REVIEW
22,5,Explode,FAIL,Explode,Good,0.0858320808173188,0.7016838048280645,0.21248411435461706,0.10583614215929832,0.3024956135888613,0.5916682442518404,0.4083317557481596,0.9600876803717303,0.5036582252577105,REVIEW,False,0,,REVIEW,5.433513096292316,5.6822615427468515,0.9562236893562122,False,REVIEW,False,REVIEW
24,1,Bad,FAIL,Bad,Bad,0.9950229708786136,0.0038296004111389365,0.001147428710247761,0.7812639994092995,0.08473912346762788,0.13399687712307276,0.8660031228769273,0.9684448417522019,0.6483989643916256,FAIL,False,0,,FAIL,5.312512230440773,5.806749667051168,0.9148856994103238,False,FAIL,False,FAIL
25,3,Bad,FAIL,Bad,Bad,0.998422631826912,0.0011307420494699647,0.00044662612361787553,0.7915562545129445,0.06279954239242923,0.14564420309462633,0.8543557969053737,0.963837291051891,0.6254091319493346,FAIL,False,0,,FAIL,5.041643527433052,5.542059401266124,0.9097057902846101,False,FAIL,False,FAIL
26,4,Bad,FAIL,Bad,Bad,0.9954915141800715,0.0031916366657435613,0.001316849154184976,0.833278901329612,0.07327309253988477,0.09344800613050325,0.9065519938694968,0.9597281579652571,0.4342629915682729,FAIL,False,0,,FAIL,5.1455283067292354,5.739317976054428,0.896540029354951,False,FAIL,False,FAIL
27,2,Good,PASS,Good,Good,0.011715225851589487,0.2085141460895204,0.77977062805889,0.014997819482420719,0.06716001820381783,0.9178421623137615,0.08215783768623852,0.9636029991363002,0.5732971203147535,REVIEW,False,0,,REVIEW,5.566537433058193,5.797883774611968,0.9600981408825744,False,REVIEW,False,REVIEW
28,2,Explode,FAIL,Explode,Good,0.01665174871539864,0.6352872267043217,0.34806102458028,0.044053282384908174,0.3168466298281169,0.6391000877869749,0.3608999122130251,0.9636029991363002,0.5732971203147535,REVIEW,False,0,,REVIEW,5.453541848930772,5.797883774611968,0.9406090326975826,False,REVIEW,False,REVIEW
29,4,Explode,FAIL,Good,Good,0.011928725602074872,0.47105077491301,0.5170204994849151,0.03625030622953303,0.15250349633384275,0.8112461974366243,0.1887538025633757,0.9597281579652571,0.4342629915682729,REVIEW,False,0,,REVIEW,6.141745267444697,5.739317976054428,1.0701176155545442,True,REVIEW,True,REVIEW
30,1,Good,PASS,Explode,Explode,0.006342420937840785,0.8923507913238007,0.10130678773835831,0.08015175535744576,0.5801188694018968,0.3397293752406574,0.6602706247593426,0.9684448417522019,0.6483989643916256,FAIL,False,0,,FAIL,6.057199817760102,5.806749667051168,1.0431308675367987,True,REVIEW,True,REVIEW
31,3,Bad,FAIL,Bad,Bad,0.9985964615036106,0.0011307420494699647,0.0002727964469195628,0.7917172490579033,0.06277168358452415,0.14551106735757258,0.8544889326424274,0.963837291051891,0.6254091319493346,FAIL,False,0,,FAIL,5.934889272356741,5.542059401266124,1.070881569945077,True,REVIEW,True,REVIEW
34,3,Good,PASS,Good,Good,0.0,0.0,1.0,0.008492011382908726,0.027670697565200433,0.9638372910518909,0.036162708948109135,0.963837291051891,0.6254091319493346,REVIEW,False,0,,REVIEW,2.2300608185597968,5.542059401266124,0.40238847278510276,False,REVIEW,False,REVIEW
35,4,Good,PASS,Good,Good,0.0,0.0,1.0,0.005345742209585227,0.03411549932508701,0.9605387584653278,0.03946124153467223,0.9597281579652571,0.4342629915682729,PASS,False,0,,PASS,2.328130148982872,5.739317976054428,0.4056457855613319,False,PASS,False,PASS
36,5,Good,PASS,Good,Good,0.0,0.0,1.0,0.005830638524795558,0.03408168110347423,0.9600876803717302,0.0399123196282698,0.9600876803717303,0.5036582252577105,REVIEW,False,0,,REVIEW,2.0905469654546085,5.6822615427468515,0.36790755753280957,False,REVIEW,False,REVIEW
37,2,Good,PASS,Good,Good,0.0,0.006327694028362312,0.9936723059716377,0.007482274654568846,0.027724502873257627,0.9647932224721735,0.03520677752782653,0.9636029991363002,0.5732971203147535,PASS,False,0,,PASS,2.3095318307543096,5.797883774611968,0.39834048431039454,False,PASS,False,PASS
39,2,Good,PASS,Good,Good,0.40538263043401196,0.06437688110101196,0.5302404884649762,0.11406119132475792,0.09911272012948327,0.7868260885457589,0.21317391145424114,0.9636029991363002,0.5732971203147535,REVIEW,True,1,current_jensen_ratio,REVIEW,12.01090880125058,5.797883774611968,2.0716022031770422,True,REVIEW,True,REVIEW
40,4,Good,PASS,Good,Good,0.0,0.0,1.0,0.005345742209585227,0.03411549932508701,0.9605387584653278,0.03946124153467223,0.9597281579652571,0.4342629915682729,PASS,False,0,,PASS,1.9263170372421452,5.739317976054428,0.3356351826609227,False,PASS,False,PASS
41,5,Good,PASS,Good,Good,0.0,0.0,1.0,0.005830638524795558,0.03408168110347423,0.9600876803717302,0.0399123196282698,0.9600876803717303,0.5036582252577105,REVIEW,False,0,,REVIEW,2.5099952886974988,5.6822615427468515,0.441724702359291,False,REVIEW,False,REVIEW
42,4,Good,PASS,Good,Good,0.0,0.012489949591249295,0.9875100504087506,0.005625995761557885,0.035557843440521125,0.958816160797921,0.04118383920207902,0.9597281579652571,0.4342629915682729,REVIEW,False,0,,REVIEW,1.8882157114893343,5.739317976054428,0.3289965322303703,False,REVIEW,False,REVIEW
44,1,Good,PASS,Good,Good,0.0,0.0002123949912822951,0.9997876050087178,0.0071304426072644495,0.02409062362340338,0.9687789337693322,0.031221066230667782,0.9684448417522019,0.6483989643916256,PASS,False,0,,PASS,2.5066589224034326,5.806749667051168,0.4316802111561294,False,PASS,False,PASS
45,4,Good,PASS,Good,Good,0.002437275985663082,0.01287262048349984,0.9846901035308372,0.005735204526493337,0.035859385318521016,0.9584054101549857,0.041594589845014296,0.9597281579652571,0.4342629915682729,REVIEW,False,0,,REVIEW,2.0430695716863334,5.739317976054428,0.3559777625513039,False,REVIEW,False,REVIEW
46,1,Good,PASS,Good,Good,0.0,0.0002123949912822951,0.9997876050087178,0.0071304426072644495,0.02409062362340338,0.9687789337693322,0.031221066230667782,0.9684448417522019,0.6483989643916256,PASS,False,0,,PASS,1.9624370595473444,5.806749667051168,0.33795792346321785,False,PASS,False,PASS
47,1,Good,PASS,Good,Good,0.0,0.0002123949912822951,0.9997876050087178,0.0071304426072644495,0.02409062362340338,0.9687789337693322,0.031221066230667782,0.9684448417522019,0.6483989643916256,PASS,False,0,,PASS,1.9655812334081937,5.806749667051168,0.33849939227815407,False,PASS,False,PASS
48,4,Good,PASS,Good,Good,0.0,0.013768727171631226,0.9862312728283688,0.005655481019330158,0.03570875904407691,0.958635759936593,0.041364240063407,0.9597281579652571,0.4342629915682729,REVIEW,False,0,,REVIEW,2.5616867216224892,5.739317976054428,0.44633991918732396,False,REVIEW,False,REVIEW
49,2,Good,PASS,Good,Good,0.0,0.009369602008033669,0.9906303979919663,0.007554220008575912,0.028089482487874292,0.9643562975035498,0.035643702496450214,0.9636029991363002,0.5732971203147535,PASS,False,0,,PASS,2.450900986162711,5.797883774611968,0.42272337312017627,False,PASS,False,PASS
50,3,Good,PASS,Good,Good,0.0030936073059360737,0.02330532537417256,0.9736010673198913,0.009319160978164502,0.03085599891824942,0.959824840103586,0.04017515989641396,0.963837291051891,0.6254091319493346,REVIEW,False,0,,REVIEW,1.959405583616277,5.542059401266124,0.35355189140856846,False,REVIEW,False,REVIEW
51,2,Good,PASS,Good,Good,0.0,0.0189080671157304,0.9810919328842697,0.007784044443943439,0.029264301324779335,0.9629516542312773,0.037048345768722735,0.9636029991363002,0.5732971203147535,REVIEW,False,0,,REVIEW,2.5044126110725142,5.797883774611968,0.4319528828844324,False,REVIEW,False,REVIEW
52,3,Good,PASS,Good,Good,0.0,0.017262129953927962,0.982737870046072,0.008967404091117426,0.02982160245803164,0.9612109934508508,0.038789006549149185,0.963837291051891,0.6254091319493346,REVIEW,False,0,,REVIEW,2.0400531268582673,5.542059401266124,0.3681038002573921,False,REVIEW,False,REVIEW
53,2,Good,PASS,Good,Good,0.009203395332229688,0.09417565142176688,0.8966209532460034,0.010451088839545932,0.04140413962079635,0.9481447715396576,0.051855228460342406,0.9636029991363002,0.5732971203147535,REVIEW,False,0,,REVIEW,3.2562716459360885,5.797883774611968,0.5616310661822501,False,REVIEW,False,REVIEW
54,1,Good,PASS,Good,Good,0.018776573188498236,0.023773006663662607,0.9574504201478392,0.008796014603463418,0.028431455355732306,0.9627725300408043,0.03722746995919568,0.9684448417522019,0.6483989643916256,REVIEW,False,0,,REVIEW,3.453293511420969,5.806749667051168,0.5947033554788405,False,REVIEW,False,REVIEW
55,3,Good,PASS,Good,Good,0.018093903369632784,0.03488985093036531,0.9470162457000019,0.010618447223032351,0.03370665821532385,0.9556748945616438,0.044325105438356216,0.963837291051891,0.6254091319493346,REVIEW,False,0,,REVIEW,2.92764047047147,5.542059401266124,0.5282585873768565,False,REVIEW,False,REVIEW
58,2,Good,PASS,Good,Good,0.0029618163054695563,0.009470438018334281,0.9875677456761961,0.00770612447341956,0.028341734279672525,0.9639521412469079,0.03604785875309213,0.9636029991363002,0.5732971203147535,PASS,False,0,,PASS,2.20735369758158,5.797883774611968,0.3807171346288863,False,PASS,False,PASS
59,5,Good,PASS,Good,Good,0.0,0.005655468401282257,0.9943445315987177,0.0059573200660162475,0.03472534710483301,0.9593173328291507,0.04068266717084934,0.9600876803717303,0.5036582252577105,REVIEW,False,0,,REVIEW,2.24923990278464,5.6822615427468515,0.39583533525585296,False,REVIEW,False,REVIEW
60,4,Good,PASS,Good,Good,0.0,0.008000636726728466,0.9919993632732717,0.005523659821369319,0.03503283877819034,0.9594435014004403,0.040556498599559676,0.9597281579652571,0.4342629915682729,REVIEW,False,0,,REVIEW,2.2165902203155365,5.739317976054428,0.38621143305939665,False,REVIEW,False,REVIEW
61,5,Good,PASS,Good,Good,0.0,0.09002921643091097,0.909970783569089,0.008193004706339307,0.04581402174564232,0.9459929735480185,0.05400702645198152,0.9600876803717303,0.5036582252577105,REVIEW,False,0,,REVIEW,2.1480439730909753,5.6822615427468515,0.37802624130050044,False,REVIEW,False,REVIEW
62,4,Good,PASS,Good,Good,0.00791620396913974,0.03589831324297941,0.9561854827878813,0.006554781878418501,0.03932056235068221,0.9541246557708992,0.04587534422910078,0.9597281579652571,0.4342629915682729,REVIEW,False,0,,REVIEW,2.7768161283777224,5.739317976054428,0.48382336367546624,False,REVIEW,False,REVIEW
64,2,Good,PASS,Good,Good,0.002936259143155695,0.03968565123273637,0.9573780896241082,0.008469977368072923,0.032259076472436386,0.9592709461594907,0.04072905384050929,0.9636029991363002,0.5732971203147535,REVIEW,False,0,,REVIEW,2.1946012994720387,5.797883774611968,0.3785176427788802,False,REVIEW,False,REVIEW
65,4,Good,PASS,Good,Good,0.0,0.003938055593159153,0.9960619444068409,0.005432609867676574,0.034564124192135316,0.960003265940188,0.03999673405981197,0.9597281579652571,0.4342629915682729,PASS,False,0,,PASS,2.043355524942516,5.739317976054428,0.35602758611176455,False,PASS,False,PASS
66,2,Good,PASS,Good,Good,0.02348602995047001,0.01801673667074956,0.9584972333787805,0.009064594600813535,0.03117882798222667,0.9597565774169597,0.040243422583040256,0.9636029991363002,0.5732971203147535,REVIEW,False,0,,REVIEW,2.0319880246264574,5.797883774611968,0.35047063784276206,False,REVIEW,False,REVIEW
67,1,Good,PASS,Good,Good,0.0,0.02974190286102268,0.9702580971389773,0.007950954121335969,0.027568806061377824,0.9644802398172864,0.03551976018271363,0.9684448417522019,0.6483989643916256,REVIEW,False,0,,REVIEW,2.3933546785510185,5.806749667051168,0.4121677040998449,False,REVIEW,False,REVIEW
70,1,Good,PASS,Good,Good,0.0,0.006283335291292363,0.9937166647087077,0.007292251494738377,0.024769063979653602,0.967938684525608,0.03206131547439195,0.9684448417522019,0.6483989643916256,REVIEW,False,0,,REVIEW,1.8354444659229148,5.806749667051168,0.3160880993953723,False,REVIEW,False,REVIEW
71,3,Good,PASS,Good,Good,0.004644206049710807,0.03531918025996536,0.9600366136903237,0.00977209656816993,0.032629191689340434,0.9575987117424896,0.04240128825751044,0.963837291051891,0.6254091319493346,REVIEW,False,0,,REVIEW,2.01732729774335,5.542059401266124,0.3640031893708098,False,REVIEW,False,REVIEW
72,5,Good,PASS,Good,Good,0.0,0.03741617250962554,0.9625838274903744,0.006719635081618179,0.03856118816314201,0.9547191767552398,0.04528082324476024,0.9600876803717303,0.5036582252577105,REVIEW,False,0,,REVIEW,1.8308150854169611,5.6822615427468515,0.32219831340813826,False,REVIEW,False,REVIEW
73,4,Good,PASS,Good,Good,0.013630219478880615,0.022666641752817237,0.9637031387683023,0.00647285903475782,0.038277242775901006,0.955249898189341,0.04475010181065897,0.9597281579652571,0.4342629915682729,REVIEW,False,0,,REVIEW,1.8462455834789464,5.739317976054428,0.32168379434313427,False,REVIEW,False,REVIEW
75,3,Good,PASS,Good,Good,0.0,0.004812333788228707,0.9951876662117715,0.00862211599250994,0.02825477880904724,0.9631231051984429,0.03687689480155709,0.963837291051891,0.6254091319493346,REVIEW,False,0,,REVIEW,1.990506218133611,5.542059401266124,0.3591636382819833,False,REVIEW,False,REVIEW
77,4,Good,PASS,Good,Good,0.0,0.0032013769363166958,0.9967986230636833,0.0054162563001965165,0.0344797750533928,0.9601039686464108,0.03989603135358921,0.9597281579652571,0.4342629915682729,PASS,False,0,,PASS,1.9582085235371172,5.739317976054428,0.3411918509668137,False,PASS,False,PASS
79,5,Good,PASS,Good,Good,0.03305044412606088,0.016658375831137065,0.950291180042802,0.007834370352328788,0.0393887768033135,0.9527768528443578,0.04722314715564224,0.9600876803717303,0.5036582252577105,REVIEW,False,0,,REVIEW,2.218681978408056,5.6822615427468515,0.39045756020155437,False,REVIEW,False,REVIEW
80,4,Good,PASS,Good,Good,0.0,0.10331719709274576,0.8966828029072538,0.008136760635611357,0.04792796513198488,0.9439352742324039,0.056064725767596135,0.9597281579652571,0.4342629915682729,REVIEW,False,0,,REVIEW,2.4130787021819233,5.739317976054428,0.42044694373961605,False,REVIEW,False,REVIEW
81,2,Good,PASS,Good,Good,0.003834434042353879,0.03920333659800728,0.9569622293596389,0.008507486779035737,0.032275234344280694,0.9592172788766835,0.04078272112331649,0.9636029991363002,0.5732971203147535,REVIEW,False,0,,REVIEW,2.525005242374059,5.797883774611968,0.4355046324713622,False,REVIEW,False,REVIEW
82,4,Good,PASS,Good,Good,0.0,0.011261988627156832,0.9887380113728432,0.005597822544133086,0.035413497802972205,0.9589886796528947,0.04101132034710531,0.9597281579652571,0.4342629915682729,REVIEW,False,0,,REVIEW,2.357334136670344,5.739317976054428,0.41073419289637014,False,REVIEW,False,REVIEW
83,5,Good,PASS,Good,Good,0.014286548060917333,0.010089757976503702,0.9756236939625789,0.006698865353621508,0.03663553507814932,0.9566655995682292,0.043334400431770836,0.9600876803717303,0.5036582252577105,REVIEW,False,0,,REVIEW,2.3740707055542005,5.6822615427468515,0.4178038423072225,False,REVIEW,False,REVIEW
85,2,Good,PASS,Good,Good,0.06196301647280797,0.05366034024566397,0.8843766432815282,0.013035617089539158,0.04045374102214833,0.9465106418883126,0.053489358111687424,0.9636029991363002,0.5732971203147535,REVIEW,False,0,,REVIEW,2.231943444403018,5.797883774611968,0.38495829360642786,False,REVIEW,False,REVIEW
86,4,Good,PASS,Good,Good,0.00043295789247474947,0.005594357444164445,0.9939726846633609,0.0054867507850110886,0.034798895614682204,0.9597143536003067,0.04028564639969334,0.9597281579652571,0.4342629915682729,REVIEW,False,0,,REVIEW,2.0507366937545504,5.739317976054428,0.3573136568335524,False,REVIEW,False,REVIEW
87,4,Good,PASS,Good,Good,0.0027468737500799274,0.00629641674906765,0.9909567095008525,0.005595614652627403,0.03511872976198719,0.9592856555853855,0.04071434441461452,0.9597281579652571,0.4342629915682729,REVIEW,False,0,,REVIEW,1.811985588754113,5.739317976054428,0.3157144448720346,False,REVIEW,False,REVIEW
88,3,Good,PASS,Good,Good,0.0,0.09845919941886601,0.901540800581134,0.01155211464830664,0.04228401028050519,0.9461638750711883,0.053836124928811735,0.963837291051891,0.6254091319493346,REVIEW,False,0,,REVIEW,1.6105726065271446,5.542059401266124,0.2906090479938193,False,REVIEW,False,REVIEW
89,1,Explode,FAIL,Good,Good,0.003093681917211328,0.0002123949912822951,0.9966939230915064,0.007276802585697307,0.024323412251996055,0.9683997851623067,0.03160021483769326,0.9684448417522019,0.6483989643916256,REVIEW,False,0,,REVIEW,1.7306451347640348,5.806749667051168,0.2980402521197208,False,REVIEW,False,REVIEW
90,1,Good,PASS,Good,Good,0.0,0.011868057538514235,0.988131942461486,0.00744418736672051,0.02540950097481589,0.9671463116584635,0.03285368834153646,0.9684448417522019,0.6483989643916256,REVIEW,False,0,,REVIEW,2.4883327516517824,5.806749667051168,0.42852419930742913,False,REVIEW,False,REVIEW
91,3,Good,PASS,Good,Good,0.011912764573696109,0.06646858608917904,0.921618649337125,0.011271592764763484,0.038004171989363365,0.9507242352458731,0.04927576475412687,0.963837291051891,0.6254091319493346,REVIEW,False,0,,REVIEW,1.788216417162798,5.542059401266124,0.3226628023428018,False,REVIEW,False,REVIEW
92,4,Good,PASS,Good,Good,0.060509647921306996,0.10575938165302033,0.8337309704256727,0.012672829422987678,0.057431213965219684,0.9298959566117927,0.0701040433882073,0.9597281579652571,0.4342629915682729,REVIEW,False,0,,REVIEW,2.2871187203186425,5.739317976054428,0.3985000883137953,False,REVIEW,False,REVIEW
93,1,Good,PASS,Good,Good,0.0,0.017538484165968652,0.9824615158340312,0.007601535614896615,0.0260761673422209,0.9663222970428825,0.03367770295711747,0.9684448417522019,0.6483989643916256,REVIEW,False,0,,REVIEW,2.4860357840144665,5.806749667051168,0.42812863074170476,False,REVIEW,False,REVIEW
94,1,Good,PASS,Good,Good,0.009435853379152348,0.0002123949912822951,0.9903517516295653,0.007586177239783347,0.02480727335842948,0.9676065494017871,0.03239345059821286,0.9684448417522019,0.6483989643916256,REVIEW,False,0,,REVIEW,1.9826980123155264,5.806749667051168,0.34144713066688764,False,REVIEW,False,REVIEW
95,2,Good,PASS,Good,Good,0.008264349435200756,0.08863730800841849,0.903098342556381,0.010211300892725346,0.04033805534701684,0.9494506437602578,0.050549356239742216,0.9636029991363002,0.5732971203147535,REVIEW,False,0,,REVIEW,1.86247188380458,5.797883774611968,0.32123304919633866,False,REVIEW,False,REVIEW
96,5,Good,PASS,Good,Good,0.0,0.14237711376971568,0.8576228862302844,0.009961990498400115,0.05428858522792097,0.9357494242736789,0.06425057572632109,0.9600876803717303,0.5036582252577105,REVIEW,False,0,,REVIEW,1.5530894382065252,5.6822615427468515,0.27332241336004204,False,REVIEW,False,REVIEW
97,1,Good,PASS,Good,Good,0.0,0.0002123949912822951,0.9997876050087178,0.0071304426072644495,0.02409062362340338,0.9687789337693322,0.031221066230667782,0.9684448417522019,0.6483989643916256,PASS,False,0,,PASS,1.9719235272359317,5.806749667051168,0.3395916201494063,False,PASS,False,PASS
98,3,Good,PASS,Good,Good,0.0040837020358678025,0.05563882090803843,0.9402774770560937,0.010376610418931417,0.03556340091456198,0.9540599886665067,0.04594001133349335,0.963837291051891,0.6254091319493346,REVIEW,False,0,,REVIEW,2.207098504563428,5.542059401266124,0.3982451909590143,False,REVIEW,False,REVIEW
99,4,Good,PASS,Good,Good,0.053224407985241,0.006578658178623173,0.9401969338361359,0.008070141132761385,0.04075473803002513,0.9511751208372135,0.04882487916278655,0.9597281579652571,0.4342629915682729,REVIEW,False,0,,REVIEW,2.0148723376472772,5.739317976054428,0.35106476868048153,False,REVIEW,False,REVIEW
100,1,Good,PASS,Good,Good,0.00887427099717317,0.0002123949912822951,0.9909133340115447,0.007558267241087432,0.024764066251468615,0.9676776665074439,0.03232233349255609,0.9684448417522019,0.6483989643916256,REVIEW,False,0,,REVIEW,1.943293059095384,5.806749667051168,0.3346610703957285,False,REVIEW,False,REVIEW
101,2,Good,PASS,Good,Good,0.003010405219181189,0.05586610259829555,0.9411234921825233,0.008912549919903803,0.03457462645965458,0.9565128236204417,0.043487176379558345,0.9636029991363002,0.5732971203147535,REVIEW,False,0,,REVIEW,1.6725943545238517,5.797883774611968,0.2884835949709586,False,REVIEW,False,REVIEW
102,2,Good,PASS,Good,Good,0.006534730778258923,0.03955941048358175,0.9539058587381595,0.00866999965322387,0.03257440187955808,0.958755598467218,0.04124440153278197,0.9636029991363002,0.5732971203147535,REVIEW,False,0,,REVIEW,2.4017212865337507,5.797883774611968,0.41424101963728815,False,REVIEW,False,REVIEW
103,5,Good,PASS,Good,Good,0.003140589569160998,0.15669152217558335,0.8401678882552556,0.010736954357534021,0.0573196161474296,0.9319434294950363,0.06805657050496372,0.9600876803717303,0.5036582252577105,REVIEW,False,0,,REVIEW,2.016096550846672,5.6822615427468515,0.35480530695038626,False,REVIEW,False,REVIEW
105,5,Good,PASS,Good,Good,0.004165364343935773,0.00728739067628232,0.9885472449797819,0.006172679769796306,0.0353120053471982,0.9585153148830055,0.041484685116994546,0.9600876803717303,0.5036582252577105,REVIEW,False,0,,REVIEW,1.9180096294580913,5.6822615427468515,0.3375433557623449,False,REVIEW,False,REVIEW
106,2,Good,PASS,Good,Good,0.030659333675890535,0.023463112760925015,0.9458775535631844,0.009666519369149265,0.03257245114158215,0.9577610294892686,0.042238970510731444,0.9636029991363002,0.5732971203147535,REVIEW,False,0,,REVIEW,2.775056179252575,5.797883774611968,0.47863259891550686,False,REVIEW,False,REVIEW
108,3,Good,PASS,Good,Good,0.0009275558564658091,0.000618370570977206,0.998454073572557,0.00855849968310348,0.027811526589453416,0.9636299737274432,0.03637002627255681,0.963837291051891,0.6254091319493346,REVIEW,False,0,,REVIEW,1.4723074005587709,5.542059401266124,0.2656607037128493,False,REVIEW,False,REVIEW
109,2,Good,PASS,Good,Good,0.0,0.0007146353401860015,0.999285364659814,0.007351203694293843,0.02706303204802912,0.965585764257677,0.03441423574232305,0.9636029991363002,0.5732971203147535,PASS,False,0,,PASS,1.809085910473516,5.797883774611968,0.3120252114047581,False,PASS,False,PASS
110,4,Good,PASS,Good,Good,0.008741516340419515,0.005846053509293346,0.9854124301502871,0.005833315791788683,0.03569105598495407,0.9584756282232573,0.04152437177674273,0.9597281579652571,0.4342629915682729,REVIEW,False,0,,REVIEW,1.7885153262554785,5.739317976054428,0.3116250630680368,False,REVIEW,False,REVIEW
111,1,Good,PASS,Good,Good,0.0,0.0002123949912822951,0.9997876050087178,0.0071304426072644495,0.02409062362340338,0.9687789337693322,0.031221066230667782,0.9684448417522019,0.6483989643916256,PASS,False,0,,PASS,1.4969518565464393,5.806749667051168,0.2577951422704664,False,PASS,False,PASS
112,1,Good,PASS,Good,Good,0.0,0.0002123949912822951,0.9997876050087178,0.0071304426072644495,0.02409062362340338,0.9687789337693322,0.031221066230667782,0.9684448417522019,0.6483989643916256,PASS,False,0,,PASS,1.6623617625190856,5.806749667051168,0.28628094163447554,False,PASS,False,PASS
113,3,Good,PASS,Good,Good,0.0,0.03176067543045486,0.968239324569545,0.009385739472290681,0.031751908360321573,0.9588623521673878,0.0411376478326122,0.963837291051891,0.6254091319493346,REVIEW,False,0,,REVIEW,2.022380415522133,5.542059401266124,0.3649149655559638,False,REVIEW,False,REVIEW
114,5,Good,PASS,Good,Good,0.003502252252252252,0.04704684907668637,0.9494508986710612,0.007142153936563906,0.04018075267182815,0.9526770933916079,0.04732290660839211,0.9600876803717303,0.5036582252577105,REVIEW,False,0,,REVIEW,1.5710688093363414,5.6822615427468515,0.2764865357775971,False,REVIEW,False,REVIEW
116,2,Good,PASS,Good,Good,0.0,0.05136181393202317,0.9486381860679768,0.00861578381225887,0.03362690381375436,0.9577573123739868,0.04224268762601324,0.9636029991363002,0.5732971203147535,REVIEW,False,0,,REVIEW,1.7427617577170995,5.797883774611968,0.3005858388104264,False,REVIEW,False,REVIEW
118,5,Good,PASS,Good,Good,0.015952914436084382,0.015558408706463259,0.9684886768574521,0.006919623752144519,0.03747096132741969,0.9556094149204357,0.04439058507956428,0.9600876803717303,0.5036582252577105,REVIEW,False,0,,REVIEW,2.4945624838558986,5.6822615427468515,0.43900874063780015,False,REVIEW,False,REVIEW
119,1,Good,PASS,Good,Good,0.002602996254681648,0.0041608205319408455,0.9932361832133775,0.007360002528850348,0.02472894419113582,0.9679110532800139,0.03208894671998608,0.9684448417522019,0.6483989643916256,REVIEW,False,0,,REVIEW,1.8568930867392437,5.806749667051168,0.31978183893059514,False,REVIEW,False,REVIEW
122,5,Good,PASS,Good,Good,0.0,0.05085593784903501,0.9491440621509649,0.00706976478103064,0.04030287684396392,0.9526273583750056,0.04737264162499444,0.9600876803717303,0.5036582252577105,REVIEW,False,0,,REVIEW,1.9151223109443207,5.6822615427468515,0.3370352273539551,False,REVIEW,False,REVIEW
123,3,Good,PASS,Good,Good,0.0009275558564658091,0.000618370570977206,0.998454073572557,0.00855849968310348,0.027811526589453416,0.9636299737274432,0.03637002627255681,0.963837291051891,0.6254091319493346,REVIEW,False,0,,REVIEW,2.365555236251925,5.542059401266124,0.4268368606282886,False,REVIEW,False,REVIEW
125,3,Good,PASS,Good,Good,0.0067260033819290825,0.003492988307980264,0.9897810083100906,0.008957785010831531,0.028584343820226336,0.9624578711689421,0.0375421288310579,0.963837291051891,0.6254091319493346,REVIEW,False,0,,REVIEW,1.8448793015117844,5.542059401266124,0.3328869591492123,False,REVIEW,False,REVIEW
127,5,Good,PASS,Good,Good,0.0,0.046236132749587,0.9537638672504128,0.006947477544124973,0.03969593377076556,0.9533565886851094,0.04664341131489058,0.9600876803717303,0.5036582252577105,REVIEW,False,0,,REVIEW,1.8802218131267834,5.6822615427468515,0.33089321900833674,False,REVIEW,False,REVIEW
128,4,Good,PASS,Good,Good,0.02779216508114965,0.09944559411027547,0.872762240808575,0.009779966008789201,0.05126955206795305,0.9389504819232577,0.061049518076742304,0.9597281579652571,0.4342629915682729,REVIEW,False,0,,REVIEW,2.5504162234555996,5.739317976054428,0.4443761844345341,False,REVIEW,False,REVIEW
129,3,Good,PASS,Good,Good,0.014907933655821715,0.009486063422063077,0.9756060029221154,0.009610824316542805,0.02995952811213873,0.9604296475713185,0.039570352428681455,0.963837291051891,0.6254091319493346,REVIEW,False,0,,REVIEW,1.8498002682888306,5.542059401266124,0.33377489022694884,False,REVIEW,False,REVIEW
130,5,Good,PASS,Good,Good,0.0,0.035662356947506746,0.9643376430524933,0.006675194457454611,0.03833925184497136,0.954985553697574,0.045014446302426014,0.9600876803717303,0.5036582252577105,REVIEW,False,0,,REVIEW,2.187840923985761,5.6822615427468515,0.38502995814728735,False,REVIEW,False,REVIEW
132,1,Good,PASS,Good,Good,0.0,0.015351787551519367,0.9846482124484806,0.007540485954740477,0.02581709740235048,0.9666424166429091,0.033357583357090936,0.9684448417522019,0.6483989643916256,REVIEW,False,0,,REVIEW,2.1273010822464964,5.806749667051168,0.36634971442238873,False,REVIEW,False,REVIEW
133,5,Good,PASS,Good,Good,0.0,0.020767800291345288,0.9792321997086545,0.00630901637008328,0.03650278993637866,0.9571881936935381,0.042811806306461864,0.9600876803717303,0.5036582252577105,REVIEW,False,0,,REVIEW,1.9246627441429536,5.6822615427468515,0.3387142125831392,False,REVIEW,False,REVIEW
135,5,Good,PASS,Good,Good,0.0,0.03835146063934504,0.9616485393606549,0.006743450995556598,0.03868004268742646,0.9545765063170168,0.04542349368298315,0.9600876803717303,0.5036582252577105,REVIEW,False,0,,REVIEW,1.6158856252153453,5.6822615427468515,0.2843736799264282,False,REVIEW,False,REVIEW
136,4,Good,PASS,Good,Good,0.00043295789247474947,0.005594357444164445,0.9939726846633609,0.0054867507850110886,0.034798895614682204,0.9597143536003067,0.04028564639969334,0.9597281579652571,0.4342629915682729,REVIEW,False,0,,REVIEW,2.119410350590785,5.739317976054428,0.3692791302787866,False,REVIEW,False,REVIEW
137,4,Good,PASS,Good,Good,0.00043295789247474947,0.24313957185323815,0.7564274702542871,0.014236832389234146,0.07509959424839271,0.9106635733623732,0.08933642663762675,0.9597281579652571,0.4342629915682729,REVIEW,False,0,,REVIEW,2.335034882332614,5.739317976054428,0.4068488437258298,False,REVIEW,False,REVIEW
138,3,Good,PASS,Good,Good,0.0,0.2166460044361057,0.7833539955638938,0.016509110585637043,0.06948048949960371,0.9140103999147593,0.0859896000852407,0.963837291051891,0.6254091319493346,REVIEW,False,0,,REVIEW,1.8273546047969917,5.542059401266124,0.3297248319603935,False,REVIEW,False,REVIEW
140,5,Good,PASS,Good,Good,0.0,0.12017892655561307,0.8798210734443869,0.00917157341521954,0.05053038100186428,0.9402980455829161,0.059701954417083924,0.9600876803717303,0.5036582252577105,REVIEW,False,0,,REVIEW,1.8046929975799122,5.6822615427468515,0.31760118466977655,False,REVIEW,False,REVIEW
141,1,Good,PASS,Good,Good,0.015140574027648741,0.054334281078217174,0.9305251448941342,0.009606258257550107,0.03229911418137723,0.9580946275610727,0.041905372438927335,0.9684448417522019,0.6483989643916256,REVIEW,False,0,,REVIEW,2.10256783253797,5.806749667051168,0.3620903178362283,False,REVIEW,False,REVIEW
142,1,Good,PASS,Good,Good,0.004796559538484535,0.01565949045638041,0.9795439500051352,0.007790306306289434,0.026240622532916244,0.9659690711607942,0.034030928839205776,0.9684448417522019,0.6483989643916256,REVIEW,False,0,,REVIEW,2.158271682582867,5.806749667051168,0.37168326625640447,False,REVIEW,False,REVIEW
143,5,Good,PASS,Good,Good,0.0,0.12293237909608579,0.8770676209039141,0.009266281683767157,0.050983012339158924,0.939750705977074,0.060249294022926,0.9600876803717303,0.5036582252577105,REVIEW,False,0,,REVIEW,2.0706915853526984,5.6822615427468515,0.3644132832984152,False,REVIEW,False,REVIEW
144,2,Good,PASS,Good,Good,0.009789764210497565,0.07327231216090435,0.916937923628598,0.009836189647769536,0.037956267876161534,0.952207542476069,0.04779245752393102,0.9636029991363002,0.5732971203147535,REVIEW,False,0,,REVIEW,2.0232262648917523,5.797883774611968,0.348959438226607,False,REVIEW,False,REVIEW
145,2,Good,PASS,Good,Good,0.018169588084054156,0.0319861288305853,0.9498442830853605,0.009142612422533536,0.03260031826529946,0.9582570693121671,0.04174293068783286,0.9636029991363002,0.5732971203147535,REVIEW,False,0,,REVIEW,2.4005342871147644,5.797883774611968,0.4140362898660251,False,REVIEW,False,REVIEW
146,3,Good,PASS,Good,Good,0.0,0.03657258770934545,0.9634274122906545,0.009528537679609211,0.03241872180950911,0.9580527405108816,0.04194725948911837,0.963837291051891,0.6254091319493346,REVIEW,False,0,,REVIEW,2.787693325540372,5.542059401266124,0.5030067568210299,False,REVIEW,False,REVIEW
147,2,Good,PASS,Good,Good,0.0,0.06917078705095622,0.9308292129490437,0.009106470888158679,0.03627976266810768,0.9546137664437336,0.045386233556266364,0.9636029991363002,0.5732971203147535,REVIEW,False,0,,REVIEW,2.3387865710526743,5.797883774611968,0.40338624608065743,False,REVIEW,False,REVIEW
149,1,Good,PASS,Good,Good,0.013923837766510374,0.02389482599532837,0.9621813362381613,0.008524850148366155,0.028024421779902536,0.9634507280717314,0.03654927192826862,0.9684448417522019,0.6483989643916256,REVIEW,False,0,,REVIEW,2.1787267759171556,5.806749667051168,0.3752059070635939,False,REVIEW,False,REVIEW
150,3,Good,PASS,Good,Good,0.0024154589371980675,0.09014914569131514,0.9074353953714867,0.01143053523019946,0.04105949224582183,0.9475099725239787,0.05249002747602127,0.963837291051891,0.6254091319493346,REVIEW,False,0,,REVIEW,2.0551324704038434,5.542059401266124,0.3708246919790021,False,REVIEW,False,REVIEW
151,3,Good,PASS,Good,Good,0.0,0.05355956711688845,0.9464404328831114,0.010048862600414045,0.03488189707072053,0.9550692403288653,0.04493075967113469,0.963837291051891,0.6254091319493346,REVIEW,False,0,,REVIEW,2.4166748983580177,5.542059401266124,0.4360608076134858,False,REVIEW,False,REVIEW
152,1,Good,PASS,Good,Good,0.0034275779636222083,0.01685906679546667,0.9797133552409112,0.007754895609615608,0.0262730133209828,0.9659720910694015,0.03402790893059848,0.9684448417522019,0.6483989643916256,REVIEW,False,0,,REVIEW,2.021337254337475,5.806749667051168,0.34810132522278464,False,REVIEW,False,REVIEW
153,4,Good,PASS,Good,Good,0.010448190227073335,0.011741366775860709,0.977810442997066,0.006049814480266571,0.03657729702872504,0.9573728884910084,0.042627111508991566,0.9597281579652571,0.4342629915682729,REVIEW,False,0,,REVIEW,1.8747421835571711,5.739317976054428,0.32664894877387296,False,REVIEW,False,REVIEW
154,4,Good,PASS,Good,Good,0.007132749232625405,0.021260015854109256,0.9716072349132653,0.006140292381794264,0.03738054139512533,0.9564791662230803,0.04352083377691973,0.9597281579652571,0.4342629915682729,REVIEW,False,0,,REVIEW,2.0956371995625243,5.739317976054428,0.3651369741676516,False,REVIEW,False,REVIEW
157,5,Good,PASS,Good,Good,0.07870617919243446,0.056909062103115554,0.86438475870445,0.012530035431537488,0.05072722078651966,0.936742743781943,0.063257256218057,0.9600876803717303,0.5036582252577105,REVIEW,False,0,,REVIEW,2.1840948691827506,5.6822615427468515,0.38437070394456735,False,REVIEW,False,REVIEW
158,1,Good,PASS,Good,Good,0.004521666170979666,0.03457097875433799,0.9609073550746825,0.008336574958972953,0.028578275710894222,0.9630851493301328,0.036914850669867216,0.9684448417522019,0.6483989643916256,REVIEW,False,0,,REVIEW,2.7820267836056036,5.806749667051168,0.47910224189471484,False,REVIEW,False,REVIEW
160,3,Good,PASS,Good,Good,0.0,0.036974279827374494,0.9630257201726253,0.009540548853748615,0.03247499117530525,0.9579844599709461,0.042015540029053944,0.963837291051891,0.6254091319493346,REVIEW,False,0,,REVIEW,2.046730387912644,5.542059401266124,0.36930863415954246,False,REVIEW,False,REVIEW
161,5,Good,PASS,Good,Good,0.0,0.01794120347674515,0.9820587965232547,0.006241746793257161,0.036163871969839355,0.9575943812369034,0.042405618763096564,0.9600876803717303,0.5036582252577105,REVIEW,False,0,,REVIEW,2.579258765381208,5.6822615427468515,0.4539141230965538,False,REVIEW,False,REVIEW
164,5,Good,PASS,Good,Good,0.0,0.137196527695802,0.8628034723041977,0.009771950256847918,0.05338894512747416,0.9368391046156779,0.06316089538432212,0.9600876803717303,0.5036582252577105,REVIEW,False,0,,REVIEW,1.7176791815983525,5.6822615427468515,0.3022879479722104,False,REVIEW,False,REVIEW
166,1,Good,PASS,Good,Good,0.0059036294549266255,0.16302156736191545,0.8310748031831579,0.013382894043025778,0.05111323279112302,0.9355038731658513,0.06449612683414874,0.9684448417522019,0.6483989643916256,REVIEW,False,0,,REVIEW,3.2331865830989672,5.806749667051168,0.55679799689744,False,REVIEW,False,REVIEW
167,4,Good,PASS,Good,Good,0.0,0.09829853351255174,0.9017014664874481,0.00797359551244857,0.04715007372215434,0.9448763307653971,0.05512366923460288,0.9597281579652571,0.4342629915682729,REVIEW,False,0,,REVIEW,2.831677113915962,5.739317976054428,0.49338216243293714,False,REVIEW,False,REVIEW
168,5,Good,PASS,Good,Good,0.0,0.02933833767873308,0.9706616623212668,0.006517285679293621,0.037549023403979774,0.9559336909167266,0.04406630908327336,0.9600876803717303,0.5036582252577105,REVIEW,False,0,,REVIEW,2.16218014449694,5.6822615427468515,0.38051401334330776,False,REVIEW,False,REVIEW
171,4,Good,PASS,Good,Good,0.002936259143155695,0.09629482059258383,0.9007689202642604,0.008078184631613972,0.047242366254641836,0.9446794491137442,0.05532055088625576,0.9597281579652571,0.4342629915682729,REVIEW,False,0,,REVIEW,2.560754168805618,5.739317976054428,0.446177434233404,False,REVIEW,False,REVIEW
172,5,Good,PASS,Good,Good,0.0,0.0912034235161173,0.9087965764838828,0.00822917766216337,0.04598970117562825,0.9457811211622084,0.05421887883779164,0.9600876803717303,0.5036582252577105,REVIEW,False,0,,REVIEW,2.1952229756897568,5.6822615427468515,0.3863290978733387,False,REVIEW,False,REVIEW
173,5,Good,PASS,Good,Good,0.0,0.07816342572086858,0.9218365742791315,0.007835886362488763,0.044073793963889045,0.9480903196736221,0.05190968032637788,0.9600876803717303,0.5036582252577105,REVIEW,False,0,,REVIEW,2.0593268374753446,5.6822615427468515,0.3624132437381348,False,REVIEW,False,REVIEW
174,5,Good,PASS,Good,Good,0.0,0.31087671257130745,0.6891232874286923,0.018397400180522827,0.09227646814975428,0.889326131669723,0.11067386833027704,0.9600876803717303,0.5036582252577105,REVIEW,False,0,,REVIEW,2.6517535545415436,5.6822615427468515,0.46667221045577995,False,REVIEW,False,REVIEW
176,1,Good,PASS,Good,Good,0.012442340376816092,0.09062443165598012,0.896933227967204,0.010769951268147924,0.037735523115096585,0.9514945256167555,0.048505474383244485,0.9684448417522019,0.6483989643916256,REVIEW,False,0,,REVIEW,2.4044566607456117,5.806749667051168,0.41407961400317483,False,REVIEW,False,REVIEW
177,4,Good,PASS,Good,Good,0.021571638484765572,0.010899088203744073,0.9675292733114905,0.006534506580310306,0.03768651523728454,0.9557789781824051,0.04422102181759491,0.9597281579652571,0.4342629915682729,REVIEW,False,0,,REVIEW,1.7871886739511393,5.739317976054428,0.31139391150789075,False,REVIEW,False,REVIEW
178,5,Good,PASS,Good,Good,0.0,0.026574895864651223,0.9734251041353486,0.0064494188497204764,0.03720860072584019,0.9563419804244393,0.0436580195755607,0.9600876803717303,0.5036582252577105,REVIEW,False,0,,REVIEW,2.276532798644807,5.6822615427468515,0.4006385101281897,False,REVIEW,False,REVIEW
179,1,Good,PASS,Good,Good,0.01242731294140649,0.020980971718000292,0.9665917153405934,0.0083517921777494,0.027527452440978997,0.9641207553812715,0.03587924461872849,0.9684448417522019,0.6483989643916256,REVIEW,False,0,,REVIEW,1.9244558409859018,5.806749667051168,0.3314170493530497,False,REVIEW,False,REVIEW
180,1,Good,PASS,Good,Good,0.0034403810646606034,0.058788711978592915,0.9377709069567465,0.009045818897115107,0.03179516524396957,0.9591590158589154,0.04084098414108461,0.9684448417522019,0.6483989643916256,REVIEW,False,0,,REVIEW,2.751653261854622,5.806749667051168,0.4738715149833538,False,REVIEW,False,REVIEW
181,2,Good,PASS,Good,Good,0.008811994983496288,0.02713633867248178,0.964051666344022,0.00846611187922457,0.0310896559330634,0.960444232187712,0.03955576781228798,0.9636029991363002,0.5732971203147535,REVIEW,False,0,,REVIEW,2.0160320095887263,5.797883774611968,0.34771859663979765,False,REVIEW,False,REVIEW
182,2,Good,PASS,Good,Good,0.003159117305458769,0.02114680604212167,0.9756940766524196,0.008004298990428045,0.029815550577701817,0.9621801504318701,0.03781984956812989,0.9636029991363002,0.5732971203147535,REVIEW,False,0,,REVIEW,2.0106860288580997,5.797883774611968,0.34679653939642274,False,REVIEW,False,REVIEW
183,5,Good,PASS,Good,Good,0.0,0.010979690380972637,0.9890203096190273,0.006079009755867016,0.03534191668515817,0.9585790735589748,0.04142092644102524,0.9600876803717303,0.5036582252577105,REVIEW,False,0,,REVIEW,2.552004107651905,5.6822615427468515,0.44911767761014487,False,REVIEW,False,REVIEW
186,5,Good,PASS,Good,Good,0.19566462929031977,0.02210094810817297,0.7822344226015074,0.024684906697979684,0.06140469433144206,0.9139103989705782,0.08608960102942176,0.9600876803717303,0.5036582252577105,REVIEW,False,0,,REVIEW,2.34201873310659,5.6822615427468515,0.4121631353094034,False,REVIEW,False,REVIEW
187,2,Good,PASS,Good,Good,0.18970043325982522,0.12222752069773409,0.6880720460424408,0.036315679336512634,0.07562144921355161,0.8880628714499357,0.11193712855006432,0.9636029991363002,0.5732971203147535,REVIEW,False,0,,REVIEW,4.299285753517421,5.797883774611968,0.7415267226196092,False,REVIEW,False,REVIEW
188,2,Good,PASS,Good,Good,0.26379746120470954,0.042799992823620674,0.69340254597167,0.046074595525097156,0.06634066976208973,0.8875847347128131,0.11241526528718693,0.9636029991363002,0.5732971203147535,REVIEW,False,0,,REVIEW,2.8473480433908773,5.797883774611968,0.49110126281919825,False,REVIEW,False,REVIEW
189,4,Bad,FAIL,Good,Good,0.0,0.015572329955558753,0.9844276700444412,0.005697322199516222,0.03592265092951538,0.9583800268709685,0.04161997312903154,0.9597281579652571,0.4342629915682729,REVIEW,False,0,,REVIEW,2.6349822068637128,5.739317976054428,0.4591106849032203,False,REVIEW,False,REVIEW
191,3,Good,PASS,Good,Good,0.31216998477984925,0.004886354360237591,0.6829436608599133,0.05873716106087069,0.06022193444497409,0.8810409044941552,0.11895909550584483,0.963837291051891,0.6254091319493346,REVIEW,False,0,,REVIEW,4.062201781357681,5.542059401266124,0.7329769472390788,False,REVIEW,False,REVIEW
193,5,Good,PASS,Good,Good,0.23432297717761094,0.017424304289009394,0.7482527185333797,0.03156553768357083,0.06662079826756287,0.9018136640488664,0.09818633595113357,0.9600876803717303,0.5036582252577105,REVIEW,False,0,,REVIEW,2.6641307752010213,5.6822615427468515,0.4688504313219554,False,REVIEW,False,REVIEW
195,4,Good,PASS,Good,Good,0.0138374413213156,0.14979357969633814,0.8363689789823463,0.010826797933294096,0.05796020816966539,0.9312129938970405,0.06878700610295951,0.9597281579652571,0.4342629915682729,REVIEW,False,0,,REVIEW,2.4773072667908207,5.739317976054428,0.43163791884796027,False,REVIEW,False,REVIEW
196,1,Good,PASS,Good,Good,0.021967785312809303,0.06311578683232312,0.9149164278548676,0.010370056391241535,0.03431717817590552,0.9553127654328529,0.04468723456714707,0.9684448417522019,0.6483989643916256,REVIEW,False,0,,REVIEW,3.0128220713159544,5.806749667051168,0.5188482789970091,False,REVIEW,False,REVIEW
198,5,Good,PASS,Good,Good,0.0,0.1977449014637072,0.8022550985362927,0.012222810668232555,0.06481790237602271,0.9229592869557448,0.0770407130442552,0.9600876803717303,0.5036582252577105,REVIEW,False,0,,REVIEW,2.015066428180779,5.6822615427468515,0.3546240195073244,False,REVIEW,False,REVIEW
199,3,Good,PASS,Good,Good,0.24988662980268478,0.00811396570534994,0.7419994044919654,0.04090189893839131,0.05308015189128656,0.9060179491703221,0.09398205082967792,0.963837291051891,0.6254091319493346,REVIEW,False,0,,REVIEW,2.338871486241408,5.542059401266124,0.4220220890644145,False,REVIEW,False,REVIEW
201,3,Good,PASS,Good,Good,0.18386350615559224,0.007933434961513296,0.8082030588828949,0.027361647534383134,0.04539161082295038,0.9272467416426664,0.0727532583573336,0.963837291051891,0.6254091319493346,REVIEW,False,0,,REVIEW,2.385300589239022,5.542059401266124,0.4303996793491752,False,REVIEW,False,REVIEW
203,3,Good,PASS,Good,Good,0.09351426022352283,0.0026534466477809255,0.9038322931286962,0.015392601822988149,0.035522330275370766,0.9490850679016412,0.050914932098358845,0.963837291051891,0.6254091319493346,REVIEW,False,0,,REVIEW,2.1168414394831263,5.542059401266124,0.3819593559389707,False,REVIEW,False,REVIEW
204,1,Good,PASS,Good,Good,0.09970459880598521,0.146000781861247,0.7542946193327675,0.022963995240074603,0.06246243937008849,0.9145735653898369,0.08542643461016308,0.9684448417522019,0.6483989643916256,REVIEW,False,0,,REVIEW,1.9129566086922822,5.806749667051168,0.3294367276665701,False,REVIEW,False,REVIEW
205,4,Good,PASS,Good,Good,0.05324959740907738,0.0087030737239449,0.9380473288669776,0.008141510005504329,0.041043008793046204,0.9508154812014494,0.04918451879855057,0.9597281579652571,0.4342629915682729,REVIEW,False,0,,REVIEW,2.1326205935620863,5.739317976054428,0.3715808398244882,False,REVIEW,False,REVIEW
207,5,Good,PASS,Good,Good,0.002919254658385093,0.037080810396864575,0.9599999349447501,0.006850107634792256,0.03882474398457938,0.9543251483806283,0.04567485161937168,0.9600876803717303,0.5036582252577105,REVIEW,False,0,,REVIEW,2.1290164217339598,5.6822615427468515,0.3746776535570687,False,REVIEW,False,REVIEW
209,1,Good,PASS,Good,Good,0.2522947126478621,0.1173936438944723,0.6303116434576655,0.05385190611707672,0.08425987908071392,0.8618882148022095,0.13811178519779055,0.9684448417522019,0.6483989643916256,REVIEW,False,0,,REVIEW,3.981150904219926,5.806749667051168,0.6856074624346028,False,REVIEW,False,REVIEW
210,2,Good,PASS,Good,Good,0.004875954997383569,0.06989753500733352,0.9252265099952829,0.009424535002146552,0.03689885079898407,0.9536766141988693,0.04632338580113071,0.9636029991363002,0.5732971203147535,REVIEW,False,0,,REVIEW,2.231061047728208,5.797883774611968,0.38480610071862387,False,REVIEW,False,REVIEW
212,3,Good,PASS,Good,Good,0.023060134811378724,0.2755243661830663,0.701415499005555,0.022515725854403982,0.0932280464675388,0.8842562276780572,0.11574377232194277,0.963837291051891,0.6254091319493346,REVIEW,False,0,,REVIEW,3.357453600959129,5.542059401266124,0.6058133552650291,False,REVIEW,False,REVIEW
213,3,Good,PASS,Good,Good,0.013970661293256553,0.0026647286821705426,0.9833646100245729,0.009351248518859233,0.029017510253149824,0.9616312412279909,0.03836875877200907,0.963837291051891,0.6254091319493346,REVIEW,False,0,,REVIEW,2.544789019029437,5.542059401266124,0.4591775069116114,False,REVIEW,False,REVIEW
214,3,Good,PASS,Good,Good,0.2907472618268535,0.003289955136975405,0.7059627830361711,0.05150668322460991,0.05708471252907422,0.891408604246316,0.10859139575368404,0.963837291051891,0.6254091319493346,REVIEW,False,0,,REVIEW,2.301418865715757,5.542059401266124,0.4152642003782891,False,REVIEW,False,REVIEW
215,4,Good,PASS,Good,Good,0.1692787884625392,0.17851781287871232,0.6522033986587483,0.035978058147011056,0.09651728226626267,0.8675046595867263,0.1324953404132737,0.9597281579652571,0.4342629915682729,REVIEW,False,0,,REVIEW,3.947204485032041,5.739317976054428,0.6877480044668304,False,REVIEW,False,REVIEW
216,1,Good,PASS,Good,Good,0.23406793650986563,0.07971098216456465,0.6862210813255696,0.042537946132532846,0.0685804547611582,0.8888815991063089,0.11111840089369107,0.9684448417522019,0.6483989643916256,REVIEW,False,0,,REVIEW,2.745148003837949,5.806749667051168,0.47275122249794055,False,REVIEW,False,REVIEW
218,5,Good,PASS,Good,Good,0.0,0.14139497781210145,0.8586050221878986,0.009925696153777431,0.0541169576607841,0.9359573461854385,0.06404265381456153,0.9600876803717303,0.5036582252577105,REVIEW,False,0,,REVIEW,2.1825098797176805,5.6822615427468515,0.3840917675645457,False,REVIEW,False,REVIEW
219,4,Good,PASS,Good,Good,0.21112947897981138,0.15987511284031197,0.6289954081798764,0.04460766000476483,0.1014085289980275,0.8539838109972077,0.14601618900279234,0.9597281579652571,0.4342629915682729,REVIEW,False,0,,REVIEW,2.234478388398532,5.739317976054428,0.38932820898253395,False,REVIEW,False,REVIEW
222,2,Good,PASS,Good,Good,0.0668453303873472,0.08757326636080008,0.8455814032518527,0.014926136681858368,0.0472964919472392,0.9377773713709024,0.062222628629097554,0.9636029991363002,0.5732971203147535,REVIEW,False,0,,REVIEW,2.1998238552776375,5.797883774611968,0.37941841209551735,False,REVIEW,False,REVIEW
224,3,Good,PASS,Good,Good,0.10381694293602224,0.02870537689020275,0.8674776801737751,0.0177861574936303,0.040736060639513044,0.9414777818668567,0.05852221813314329,0.963837291051891,0.6254091319493346,REVIEW,False,0,,REVIEW,2.390725898961748,5.542059401266124,0.4313786132309533,False,REVIEW,False,REVIEW
225,3,Explode,FAIL,Good,Good,0.12154060659531211,0.01794312120033333,0.8605162722043548,0.019207630175195924,0.040662764516359425,0.9401296053084446,0.05987039469155542,0.963837291051891,0.6254091319493346,REVIEW,False,0,,REVIEW,2.286235912425438,5.542059401266124,0.41252461348630265,False,REVIEW,False,REVIEW
226,1,Good,PASS,Good,Good,0.15099732750795145,0.07127447874634747,0.777728193745701,0.024526477859064172,0.052316324049488126,0.9231571980914476,0.07684280190855242,0.9684448417522019,0.6483989643916256,REVIEW,False,0,,REVIEW,2.0844023442755173,5.806749667051168,0.3589619776624598,False,REVIEW,False,REVIEW
227,3,Good,PASS,Good,Good,0.2633493982799106,0.08742973021534477,0.6492208715047446,0.055634352314508834,0.0754140656743012,0.8689515820111899,0.13104841798881006,0.963837291051891,0.6254091319493346,REVIEW,False,0,,REVIEW,2.2532807419197876,5.542059401266124,0.40657823721719927,False,REVIEW,False,REVIEW
228,4,Good,PASS,Good,Good,0.02844622164119277,0.17739165579016494,0.794162122568642,0.013404143326165883,0.06595995054740579,0.9206359061264284,0.07936409387357157,0.9597281579652571,0.4342629915682729,REVIEW,False,0,,REVIEW,3.029989196513806,5.739317976054428,0.5279354113425186,False,REVIEW,False,REVIEW
229,3,Good,PASS,Good,Good,0.20719577200297087,0.017485929277051417,0.7753182987199779,0.0324716075553901,0.04994783679074791,0.9175805556538619,0.08241944434613813,0.963837291051891,0.6254091319493346,REVIEW,False,0,,REVIEW,2.4448291087552683,5.542059401266124,0.4411409066089636,False,REVIEW,False,REVIEW
230,3,Good,PASS,Good,Good,0.2573135453566344,0.07716597867142926,0.6655204759719364,0.05216887956153736,0.07145192552248006,0.8763791949159826,0.1236208050840174,0.963837291051891,0.6254091319493346,REVIEW,False,0,,REVIEW,2.040470614678723,5.542059401266124,0.36817913106679484,False,REVIEW,False,REVIEW
231,4,Good,PASS,Good,Good,0.035188690336745335,0.06295671216400905,0.9018545974992456,0.00890415808432278,0.04651467231506566,0.9445811696006114,0.05541883039938855,0.9597281579652571,0.4342629915682729,REVIEW,False,0,,REVIEW,2.4125176892873688,5.739317976054428,0.42034919468704657,False,REVIEW,False,REVIEW
232,2,Good,PASS,Good,Good,0.031620795429157834,0.024747615707568185,0.9436315888632739,0.009766966001613812,0.0328413298910501,0.957391704107336,0.042608295892664017,0.9636029991363002,0.5732971203147535,REVIEW,False,0,,REVIEW,2.260489833943974,5.797883774611968,0.3898818813585584,False,REVIEW,False,REVIEW
233,1,Good,PASS,Good,Good,0.03697280197794844,0.09581730931830008,0.8672098887037517,0.01286640703539171,0.04160285359608832,0.94553073936852,0.054469260631480054,0.9684448417522019,0.6483989643916256,REVIEW,False,0,,REVIEW,2.227768270034549,5.806749667051168,0.3836515086357895,False,REVIEW,False,REVIEW
234,2,Good,PASS,Good,Good,0.20426366865779425,0.033928447843430416,0.7618078834987754,0.030836520169151036,0.05491703477954134,0.9142464450513076,0.08575355494869241,0.9636029991363002,0.5732971203147535,REVIEW,False,0,,REVIEW,2.109994740898625,5.797883774611968,0.3639249807210631,False,REVIEW,False,REVIEW
235,5,Bad,FAIL,Good,Good,0.0,0.35983520245434375,0.6401647975456561,0.021857576592430133,0.1070208544577493,0.8711215689498205,0.1288784310501795,0.9600876803717303,0.5036582252577105,REVIEW,False,0,,REVIEW,2.1143955631003437,5.6822615427468515,0.3721045832181508,False,REVIEW,False,REVIEW
236,1,Good,PASS,Good,Good,0.0,0.0058764004959521625,0.9941235995040479,0.007281296858230527,0.02472301463910563,0.9679956885026638,0.03200431149733618,0.9684448417522019,0.6483989643916256,REVIEW,False,0,,REVIEW,2.1086357079062705,5.806749667051168,0.3631352871764309,False,REVIEW,False,REVIEW
237,1,Good,PASS,Good,Good,0.0,0.011210147832560328,0.9887898521674398,0.007426133078427329,0.025333228398508812,0.9672406385230639,0.032759361476936144,0.9684448417522019,0.6483989643916256,REVIEW,False,0,,REVIEW,1.9034327267802427,5.806749667051168,0.327796587750417,False,REVIEW,False,REVIEW
238,3,Good,PASS,Good,Good,0.0,0.018842526008158427,0.9811574739918416,0.00901214684860014,0.030026393224218236,0.9609614599271816,0.03903854007281837,0.963837291051891,0.6254091319493346,REVIEW,False,0,,REVIEW,1.6108793393600291,5.542059401266124,0.29066439435708896,False,REVIEW,False,REVIEW
239,2,Good,PASS,Good,Good,0.0,0.050099214674435434,0.9499007853255644,0.008581939754370164,0.03344606206386323,0.9579719981817665,0.04202800181823352,0.9636029991363002,0.5732971203147535,REVIEW,False,0,,REVIEW,1.4155686840163455,5.797883774611968,0.2441526493192052,False,REVIEW,False,REVIEW
240,3,Good,PASS,Good,Good,0.0,0.017267123053276903,0.9827328769467232,0.008967545124719596,0.029822247348201134,0.9612102075270793,0.03878979247292069,0.963837291051891,0.6254091319493346,REVIEW,False,0,,REVIEW,2.0584292848354786,5.542059401266124,0.37141956370319945,False,REVIEW,False,REVIEW
241,3,Good,PASS,Good,Good,0.0,0.17505272549252424,0.8249472745074756,0.014587462033226136,0.05844985670867508,0.9269626812580988,0.07303731874190122,0.963837291051891,0.6254091319493346,REVIEW,False,0,,REVIEW,2.720418209792815,5.542059401266124,0.490867746594581,False,REVIEW,False,REVIEW
242,1,Good,PASS,Good,Good,0.0029895833333333337,0.128532525704139,0.8684778909625277,0.011612513974463156,0.043463814948447345,0.9449236710770895,0.05507632892291048,0.9684448417522019,0.6483989643916256,REVIEW,False,0,,REVIEW,1.7121226323579959,5.806749667051168,0.29485042933277683,False,REVIEW,False,REVIEW
243,2,Good,PASS,Good,Good,0.005884556661876058,0.03387571050212918,0.9602397328359946,0.008480985267854345,0.031733134588671275,0.9597858801434743,0.040214119856525676,0.9636029991363002,0.5732971203147535,REVIEW,False,0,,REVIEW,1.476395499583651,5.797883774611968,0.25464385920403537,False,REVIEW,False,REVIEW
244,2,Good,PASS,Good,Good,0.0,0.010185120172335442,0.9898148798276645,0.007573618156237725,0.0281881183644103,0.9642382634793519,0.03576173652064807,0.9636029991363002,0.5732971203147535,PASS,False,0,,PASS,2.2963840026121956,5.797883774611968,0.3960727899837703,False,PASS,False,PASS
246,2,Good,PASS,Good,Good,0.0,0.0027536231884057972,0.9972463768115941,0.00739856476940937,0.027301531030321846,0.9652999042002688,0.03470009579973121,0.9636029991363002,0.5732971203147535,PASS,False,0,,PASS,1.5031784521389924,5.797883774611968,0.25926329512177826,False,PASS,False,PASS
247,3,Good,PASS,Good,Good,0.0,0.011802821021585683,0.9881971789784143,0.008814433527916984,0.029124485572210947,0.9620610808998721,0.03793891910012792,0.963837291051891,0.6254091319493346,REVIEW,False,0,,REVIEW,1.8847431614167036,5.542059401266124,0.3400799278669081,False,REVIEW,False,REVIEW
248,3,Good,PASS,Good,Good,0.0,0.005841384863123994,0.994158615136876,0.008650178139459848,0.028381213382695305,0.9629686084778449,0.037031391522155066,0.963837291051891,0.6254091319493346,REVIEW,False,0,,REVIEW,1.822009366885523,5.542059401266124,0.3287603461033405,False,REVIEW,False,REVIEW
249,4,Good,PASS,Good,Good,0.0,0.014019421304336307,0.9859805786956637,0.0056612789102575825,0.03573841638114708,0.9586003047085954,0.04139969529140464,0.9597281579652571,0.4342629915682729,REVIEW,False,0,,REVIEW,2.18946930870182,5.739317976054428,0.38148597408903284,False,REVIEW,False,REVIEW
251,3,Good,PASS,Good,Good,0.015260020526756329,0.04391006553720606,0.9408299139360374,0.010729606460162461,0.034789395381307486,0.9544809981585299,0.045519001841470064,0.963837291051891,0.6254091319493346,REVIEW,False,0,,REVIEW,2.334311875042071,5.542059401266124,0.42119936038736433,False,REVIEW,False,REVIEW
254,4,Good,PASS,Good,Good,0.0293287917822611,0.03978332916208768,0.9308878790556512,0.007772342168470687,0.04239385699509937,0.9498338008364299,0.050166199163570124,0.9597281579652571,0.4342629915682729,REVIEW,False,0,,REVIEW,1.5155504935191537,5.739317976054428,0.2640645630443078,False,REVIEW,False,REVIEW
255,2,Good,PASS,Good,Good,0.0,0.01583996837976409,0.9841600316202361,0.007709415524614355,0.02888133062645696,0.9634092538489287,0.036590746151071274,0.9636029991363002,0.5732971203147535,REVIEW,False,0,,REVIEW,1.611330620169377,5.797883774611968,0.2779170267650316,False,REVIEW,False,REVIEW
256,3,Good,PASS,Good,Good,0.0030510314875135725,0.03368102896265951,0.9632679395498269,0.009625233453397414,0.03226748884902762,0.958107277697575,0.04189272230242502,0.963837291051891,0.6254091319493346,REVIEW,False,0,,REVIEW,1.5749187996543685,5.542059401266124,0.28417573425766,False,REVIEW,False,REVIEW
257,2,Good,PASS,Good,Good,0.0,0.0025731951263866155,0.9974268048736135,0.007394362297482013,0.027280344723752,0.9653252929787659,0.0346747070212341,0.9636029991363002,0.5732971203147535,PASS,False,0,,PASS,1.972968845436397,5.797883774611968,0.34029120315859396,False,PASS,False,PASS
258,2,Good,PASS,Good,Good,0.0,0.0,1.0,0.007334671884898508,0.026979919858855082,0.9656854082562463,0.03431459174375373,0.9636029991363002,0.5732971203147535,PASS,False,0,,PASS,2.536701769305355,5.797883774611968,0.4375220111195015,False,PASS,False,PASS
259,1,Good,PASS,Good,Good,0.0,0.003007091619437259,0.9969929083805628,0.0072044996052946135,0.024400667597347648,0.9683948327973577,0.03160516720264228,0.9684448417522019,0.6483989643916256,REVIEW,False,0,,REVIEW,2.0501511557276033,5.806749667051168,0.35306346463678845,False,REVIEW,False,REVIEW
261,5,Good,PASS,Good,Good,0.0,0.018604828985358875,0.9813951710146411,0.006257477838102262,0.03624317221852958,0.9574993499433682,0.04250065005663184,0.9600876803717303,0.5036582252577105,REVIEW,False,0,,REVIEW,1.7471304872544131,5.6822615427468515,0.3074709733283125,False,REVIEW,False,REVIEW
262,3,Good,PASS,Good,Good,0.0,0.01711469904105246,0.9828853009589475,0.008963240732925388,0.02980256688680739,0.9612341923802672,0.038765807619732806,0.963837291051891,0.6254091319493346,REVIEW,False,0,,REVIEW,1.8920311386507778,5.542059401266124,0.3413949583828945,False,REVIEW,False,REVIEW
264,2,Good,PASS,Good,Good,0.0,0.006482912906823873,0.9935170870931762,0.007485930175536051,0.027743015069887533,0.9647710547545764,0.03522894524542364,0.9636029991363002,0.5732971203147535,PASS,False,0,,PASS,2.1347345361931414,5.797883774611968,0.3681920195676933,False,PASS,False,PASS
265,5,Good,PASS,Good,Good,0.0,0.008355265107732431,0.9916447348922676,0.006018729154079871,0.03503670064202633,0.9589445702038939,0.0410554297961061,0.9600876803717303,0.5036582252577105,REVIEW,False,0,,REVIEW,2.8356465946970797,5.6822615427468515,0.49903486021629073,False,REVIEW,False,REVIEW
266,1,Good,PASS,Good,Good,0.0,0.02916971862881832,0.9708302813711818,0.0079342358792632,0.02749701167863846,0.9645687524420983,0.035431247557901724,0.9684448417522019,0.6483989643916256,REVIEW,False,0,,REVIEW,2.3575130950563596,5.806749667051168,0.4059953037812928,False,REVIEW,False,REVIEW
268,2,Good,PASS,Good,Good,0.0,0.04338644644550301,0.956613553554497,0.008404061685803859,0.03250017379803698,0.9590957645161591,0.04090423548384092,0.9636029991363002,0.5732971203147535,REVIEW,False,0,,REVIEW,2.305723226884534,5.797883774611968,0.39768358879164456,False,REVIEW,False,REVIEW
269,5,Good,PASS,Good,Good,0.0,0.05792611486493223,0.9420738851350677,0.007260925568702655,0.04124880311831289,0.9514902713129845,0.04850972868701553,0.9600876803717303,0.5036582252577105,REVIEW,False,0,,REVIEW,2.357984684194831,5.6822615427468515,0.41497292344888476,False,REVIEW,False,REVIEW
270,5,Good,PASS,Good,Good,0.0,0.009508228035075447,0.9904917719649245,0.006045140188020633,0.03517047688892863,0.9587843829230507,0.04121561707694932,0.9600876803717303,0.5036582252577105,REVIEW,False,0,,REVIEW,2.169531986419857,5.6822615427468515,0.38180783656274425,False,REVIEW,False,REVIEW
271,3,Good,PASS,Good,Good,0.0,0.07754387294412739,0.9224561270558725,0.010828076192098291,0.038666722441578386,0.9505052013663234,0.04949479863367656,0.963837291051891,0.6254091319493346,REVIEW,False,0,,REVIEW,1.990267569088128,5.542059401266124,0.3591205768443111,False,REVIEW,False,REVIEW
272,1,Good,PASS,Good,Good,0.0,0.011170204476952255,0.9888297955230477,0.007425038300614341,0.02532860484708212,0.9672463568523036,0.032753643147696354,0.9684448417522019,0.6483989643916256,REVIEW,False,0,,REVIEW,1.9610771587318625,5.806749667051168,0.337723730344269,False,REVIEW,False,REVIEW
274,4,Good,PASS,Good,Good,0.0,0.027232051697949816,0.9727679483020503,0.0059751409663315064,0.03733513610160942,0.9566897229320592,0.04331027706794077,0.9597281579652571,0.4342629915682729,REVIEW,False,0,,REVIEW,1.8359044686570645,5.739317976054428,0.3198819923058492,False,REVIEW,False,REVIEW
275,3,Good,PASS,Good,Good,0.017801337448546756,0.21310516583360178,0.7690934967178514,0.01822148559787702,0.0714706753421642,0.9103078390599588,0.08969216094004118,0.963837291051891,0.6254091319493346,REVIEW,False,0,,REVIEW,1.7484777843002628,5.542059401266124,0.3154924293847897,False,REVIEW,False,REVIEW
276,3,Good,PASS,Good,Good,0.0,0.153520581803381,0.8464794181966188,0.013670378230379216,0.05339974976698924,0.9329298720026317,0.06707012799736833,0.963837291051891,0.6254091319493346,REVIEW,False,0,,REVIEW,1.7017664727994772,5.542059401266124,0.30706391786610876,False,REVIEW,False,REVIEW
278,4,Good,PASS,Good,Good,0.016435116517588874,0.4222626282962648,0.5613022551861461,0.031349862446431315,0.13434494236183958,0.8343051951917292,0.1656948048082708,0.9597281579652571,0.4342629915682729,REVIEW,False,0,,REVIEW,1.6101416894386968,5.739317976054428,0.2805458237645182,False,REVIEW,False,REVIEW
279,4,Good,PASS,Good,Good,0.07114506078238853,0.25554924774229754,0.673305691475314,0.024497287271845,0.09441949327423911,0.8810832194539159,0.11891678054608412,0.9597281579652571,0.4342629915682729,REVIEW,False,0,,REVIEW,1.8928386539214173,5.739317976054428,0.3298020186054711,False,REVIEW,False,REVIEW
282,5,Good,PASS,Good,Good,0.05083247018480387,0.2386996549253878,0.7104678748898084,0.0200903808957406,0.08386685930689694,0.8960427597973625,0.10395724020263752,0.9600876803717303,0.5036582252577105,REVIEW,False,0,,REVIEW,1.654616323867097,5.6822615427468515,0.2911897510207251,False,REVIEW,False,REVIEW
283,1,Good,PASS,Good,Good,0.10517151273398226,0.05528133725821959,0.8395471500077982,0.01728420413623493,0.042598409575985506,0.9401173862877795,0.05988261371222048,0.9684448417522019,0.6483989643916256,REVIEW,False,0,,REVIEW,1.9229603791627532,5.806749667051168,0.3311595108144703,False,REVIEW,False,REVIEW
284,5,Good,PASS,Good,Good,0.0,0.2919342806341307,0.7080657193658692,0.017196668360820233,0.08706207573867461,0.895741255900505,0.10425874409949498,0.9600876803717303,0.5036582252577105,REVIEW,False,0,,REVIEW,1.4785371262623328,5.6822615427468515,0.26020223024574046,False,REVIEW,False,REVIEW
285,5,Good,PASS,Good,Good,0.002929292929292929,0.4035512357907574,0.5935194712799495,0.025921265647053365,0.12265673875536377,0.8514219955975829,0.14857800440241709,0.9600876803717303,0.5036582252577105,REVIEW,False,0,,REVIEW,2.018953760515102,5.6822615427468515,0.3553081366154651,False,REVIEW,False,REVIEW
286,3,Good,PASS,Good,Good,0.0,0.10225369075700946,0.8977463092429906,0.01168806945170193,0.04297381068292168,0.9453381198653765,0.054661880134623475,0.963837291051891,0.6254091319493346,REVIEW,False,0,,REVIEW,2.55236510395603,5.542059401266124,0.4605445231014527,False,REVIEW,False,REVIEW
287,1,Good,PASS,Good,Good,0.002602996254681648,0.029570472183335087,0.9678265315619835,0.008082600985409564,0.027769876727983655,0.9641475222866068,0.03585247771339317,0.9684448417522019,0.6483989643916256,REVIEW,False,0,,REVIEW,2.463220693666306,5.806749667051168,0.4241995668666735,False,REVIEW,False,REVIEW
288,1,Good,PASS,Good,Good,0.002267628205128205,0.24225303544583535,0.7554793363490363,0.017245332551159526,0.07150698864246824,0.9112476788063724,0.08875232119362764,0.9684448417522019,0.6483989643916256,REVIEW,False,0,,REVIEW,2.1908366694036414,5.806749667051168,0.3772913927795014,False,REVIEW,False,REVIEW
289,3,Good,PASS,Good,Good,0.0,0.17059481335492965,0.8294051866450702,0.01439333456096564,0.05736915116024183,0.9282375142787926,0.07176248572120736,0.963837291051891,0.6254091319493346,REVIEW,False,0,,REVIEW,2.21844485989321,5.542059401266124,0.40029250848274733,False,REVIEW,False,REVIEW
290,3,Good,PASS,Good,Good,0.0,0.3394329855185595,0.6605670144814404,0.023406422769092366,0.11388287818503469,0.8627106990458729,0.13728930095412706,0.963837291051891,0.6254091319493346,REVIEW,False,0,,REVIEW,2.324554592459941,5.542059401266124,0.4194387725127738,False,REVIEW,False,REVIEW
291,1,Good,PASS,Good,Good,0.002602996254681648,0.057322966558818716,0.9400740371865001,0.008948407550945192,0.03150341940247671,0.9595481730465782,0.040451826953421754,0.9684448417522019,0.6483989643916256,REVIEW,False,0,,REVIEW,2.0926425272983566,5.806749667051168,0.3603810474511225,False,REVIEW,False,REVIEW
292,5,Good,PASS,Good,Good,0.0,0.05302770629501757,0.9469722937049821,0.007127963983189141,0.040591230869402355,0.9522808051474085,0.04771919485259146,0.9600876803717303,0.5036582252577105,REVIEW,False,0,,REVIEW,2.146662423193353,5.6822615427468515,0.3777831074906205,False,REVIEW,False,REVIEW
294,5,Good,PASS,Good,Good,0.0028942115768463075,0.060644179265900745,0.9364616091572532,0.007486048197853096,0.041944255006074446,0.9505696967960725,0.049430303203927495,0.9600876803717303,0.5036582252577105,REVIEW,False,0,,REVIEW,3.0924786230582253,5.6822615427468515,0.544233770268043,False,REVIEW,False,REVIEW
295,4,Good,PASS,Good,Good,0.006399476327023295,0.07984517792463806,0.9137553457483385,0.007749383543360098,0.04522274689060358,0.9470278695660364,0.05297213043396365,0.9597281579652571,0.4342629915682729,REVIEW,False,0,,REVIEW,2.489139851441159,5.739317976054428,0.43369958971193856,False,REVIEW,False,REVIEW
296,1,Good,PASS,Good,Good,0.0,0.015914065549892647,0.9840859344501072,0.007556139318732235,0.02588347457046256,0.9665603861108053,0.0334396138891947,0.9684448417522019,0.6483989643916256,REVIEW,False,0,,REVIEW,2.204112139015023,5.806749667051168,0.37957760630213866,False,REVIEW,False,REVIEW
297,3,Good,PASS,Good,Good,0.0,0.044177519213637544,0.9558224807863624,0.009758327898385879,0.033500094091580716,0.9567415780100335,0.043258421989966545,0.963837291051891,0.6254091319493346,REVIEW,False,0,,REVIEW,2.2043893536575694,5.542059401266124,0.39775635626604083,False,REVIEW,False,REVIEW
298,2,Good,PASS,Good,Good,0.0,0.0,1.0,0.007334671884898508,0.026979919858855082,0.9656854082562463,0.03431459174375373,0.9636029991363002,0.5732971203147535,PASS,False,0,,PASS,2.4037547051939545,5.797883774611968,0.4145917370264687,False,PASS,False,PASS
299,2,Good,PASS,Good,Good,0.0,0.03982905234580578,0.9601709476541942,0.008311188283896412,0.032009384891208026,0.9596794268248956,0.0403205731751044,0.9636029991363002,0.5732971203147535,REVIEW,False,0,,REVIEW,2.6422908740810036,5.797883774611968,0.4557336740089866,False,REVIEW,False,REVIEW
300,2,Good,PASS,Good,Good,0.0,0.35666720544774455,0.6433327945522553,0.021184663083471573,0.11759010799135239,0.8612252289251761,0.13877477107482394,0.9636029991363002,0.5732971203147535,REVIEW,True,1,current_max_positive_a,REVIEW,2.7748568960640894,5.797883774611968,0.4785982272039941,False,REVIEW,True,REVIEW
302,4,Good,PASS,Good,Good,0.0,0.4211467817745412,0.5788532182254589,0.027933339352668538,0.12858416838366538,0.843482492263666,0.156517507736334,0.9597281579652571,0.4342629915682729,REVIEW,False,0,,REVIEW,1.660212102111734,5.739317976054428,0.2892699287682731,False,REVIEW,False,REVIEW
303,4,Good,PASS,Good,Good,0.00043295789247474947,0.06737984657131946,0.9321871955362061,0.007057579679778426,0.04266691662660005,0.9502755036936216,0.04972449630637843,0.9597281579652571,0.4342629915682729,REVIEW,False,0,,REVIEW,1.6340470171829358,5.739317976054428,0.28471100991450615,False,REVIEW,False,REVIEW
304,2,Good,PASS,Good,Good,0.0,0.03491417336543357,0.9650858266345663,0.008184442807170447,0.03134303049722491,0.9604725266956046,0.03952747330439543,0.9636029991363002,0.5732971203147535,REVIEW,False,0,,REVIEW,2.433532388927112,5.797883774611968,0.41972769436724,False,REVIEW,False,REVIEW
305,1,Good,PASS,Good,Good,0.002602996254681648,0.13516171889532,0.8622352848499985,0.011862157999843666,0.04471728998715299,0.9434205520130035,0.056579447986996545,0.9684448417522019,0.6483989643916256,REVIEW,False,0,,REVIEW,1.5364169327749186,5.806749667051168,0.26459155652824184,False,REVIEW,False,REVIEW
306,4,Good,PASS,Good,Good,0.0,0.39602701227311454,0.6039729877268853,0.02545865819202321,0.11949856470251968,0.8550427771054571,0.14495722289454294,0.9597281579652571,0.4342629915682729,REVIEW,False,0,,REVIEW,1.456323544054635,5.739317976054428,0.25374505300642086,False,REVIEW,False,REVIEW
307,5,Good,PASS,Good,Good,0.0,0.09763080086154897,0.9023691991384508,0.008429897396623249,0.04696260319907305,0.9446074994043037,0.05539250059569634,0.9600876803717303,0.5036582252577105,REVIEW,False,0,,REVIEW,1.202343101252848,5.6822615427468515,0.21159587467204574,False,REVIEW,False,REVIEW
310,4,Good,PASS,Good,Good,0.014771745407170063,0.05378376586996517,0.9314444887228647,0.007406653599297897,0.042545245610976966,0.9500481007897251,0.049951899210274875,0.9597281579652571,0.4342629915682729,REVIEW,False,0,,REVIEW,1.9947141735410006,5.739317976054428,0.34755247607178125,False,REVIEW,False,REVIEW
311,5,Good,PASS,Good,Good,0.0,0.05475473252433818,0.9452452674756616,0.007174573083203318,0.04082192894754014,0.9520034979692564,0.04799650203074357,0.9600876803717303,0.5036582252577105,REVIEW,False,0,,REVIEW,1.6384368253964687,5.6822615427468515,0.28834238147447805,False,REVIEW,False,REVIEW
312,3,Good,PASS,Good,Good,0.0112659602400449,0.277491807551516,0.7112422322084386,0.02108429246106777,0.0914315539371789,0.8874841536017533,0.11251584639824674,0.963837291051891,0.6254091319493346,REVIEW,False,0,,REVIEW,2.1758718759865645,5.542059401266124,0.3926107099266151,False,REVIEW,False,REVIEW
313,4,Good,PASS,Good,Good,0.0,0.34377167272069165,0.6562283272793085,0.020923899648905543,0.10227605706574983,0.8768000432853447,0.12319995671465533,0.9597281579652571,0.4342629915682729,REVIEW,False,0,,REVIEW,2.0864815636325287,5.739317976054428,0.3635417260966796,False,REVIEW,False,REVIEW
314,3,Good,PASS,Good,Good,0.0,0.11375943880711362,0.8862405611928864,0.012109159572700211,0.045131214016817495,0.9427596264104824,0.05724037358951761,0.963837291051891,0.6254091319493346,REVIEW,False,0,,REVIEW,1.6428070383367461,5.542059401266124,0.2964253753688448,False,REVIEW,False,REVIEW
316,4,Good,PASS,Good,Good,0.011757563242002082,0.20700951491653935,0.7812329218414586,0.01338394460615052,0.06915509789080225,0.9174609575030472,0.08253904249695276,0.9597281579652571,0.4342629915682729,REVIEW,False,0,,REVIEW,1.8131244514686349,5.739317976054428,0.31591287658801087,False,REVIEW,False,REVIEW
317,2,Explode,FAIL,Good,Good,0.0,0.012953777842825177,0.9870462221571749,0.007639823149154737,0.02852548757012308,0.9638346892807222,0.036165310719277755,0.9636029991363002,0.5732971203147535,PASS,False,0,,PASS,1.4981336545511155,5.797883774611968,0.2583931849602108,False,PASS,False,PASS
318,3,Good,PASS,Good,Good,0.017897927854038084,0.4195485428863688,0.5625535292595933,0.03205646812414755,0.16039830882520556,0.8075452230506469,0.1924547769493531,0.963837291051891,0.6254091319493346,REVIEW,False,0,,REVIEW,3.030649419281125,5.542059401266124,0.5468453511322435,False,REVIEW,False,REVIEW
320,2,Good,PASS,Good,Good,0.0015611111111111114,0.01570598557065659,0.9827329033182324,0.00778612652277315,0.028994298046610835,0.963219575430616,0.03678042456938402,0.9636029991363002,0.5732971203147535,REVIEW,False,0,,REVIEW,1.724184525226429,5.797883774611968,0.2973816986080965,False,REVIEW,False,REVIEW
322,5,Good,PASS,Good,Good,0.0,0.19135520694143318,0.8086447930585667,0.01193924870749243,0.06351365492631474,0.9245470963661928,0.07545290363380719,0.9600876803717303,0.5036582252577105,REVIEW,False,0,,REVIEW,1.5783055863100457,5.6822615427468515,0.2777601091460989,False,REVIEW,False,REVIEW
323,1,Explode,FAIL,Good,Good,0.002602996254681648,0.10241558828741823,0.8949814154579004,0.010543100393727892,0.03861763162814332,0.9508392679781288,0.04916073202187121,0.9684448417522019,0.6483989643916256,REVIEW,False,0,,REVIEW,1.6992061325078684,5.806749667051168,0.2926260352068481,False,REVIEW,False,REVIEW
326,5,Good,PASS,Explode,Good,0.002992776057791538,0.65134269275502,0.3456645311871887,0.056988991145101635,0.23863029542585934,0.7043807134290391,0.2956192865709609,0.9600876803717303,0.5036582252577105,REVIEW,False,0,,REVIEW,1.4282306505157922,5.6822615427468515,0.25134898134684835,False,REVIEW,False,REVIEW
328,1,Good,PASS,Good,Good,0.0,0.06720038885196686,0.9327996111480331,0.00912082671100893,0.03268326386763556,0.9581959094213555,0.04180409057864454,0.9684448417522019,0.6483989643916256,REVIEW,False,0,,REVIEW,1.3256297360668632,5.806749667051168,0.22829118044967409,False,REVIEW,False,REVIEW
329,1,Good,PASS,Good,Good,0.006969102607219805,0.02376551587781618,0.969265381514964,0.008141425086396212,0.027412529723119944,0.9644460451904837,0.035553954809516286,0.9684448417522019,0.6483989643916256,REVIEW,False,0,,REVIEW,1.9111857320749295,5.806749667051168,0.32913175901476116,False,REVIEW,False,REVIEW
330,4,Good,PASS,Good,Good,0.00043295789247474947,0.012290723489038967,0.9872763186184863,0.005639081783648451,0.03557973410508699,0.9587811841112647,0.04121881588873533,0.9597281579652571,0.4342629915682729,REVIEW,False,0,,REVIEW,1.6873621193679365,5.739317976054428,0.2940004590106256,False,REVIEW,False,REVIEW
331,4,Good,PASS,Good,Good,0.025178270056512377,0.23980375459417283,0.7350179753493148,0.016729150402877563,0.07954159038820378,0.9037292592089187,0.09627074079108133,0.9597281579652571,0.4342629915682729,REVIEW,False,0,,REVIEW,3.259475118351739,5.739317976054428,0.5679202880814262,False,REVIEW,False,REVIEW
332,5,Good,PASS,Good,Good,0.0,0.3773837729082449,0.622616227091755,0.023231791741798586,0.11277087437073875,0.8639973338874627,0.1360026661125373,0.9600876803717303,0.5036582252577105,REVIEW,False,0,,REVIEW,1.3069426084468443,5.6822615427468515,0.2300039515279083,False,REVIEW,False,REVIEW
333,3,Good,PASS,Good,Good,0.013797970666117376,0.3522758477398916,0.6339261815939911,0.026305073562128755,0.12343662117009445,0.8502583052677769,0.1497416947322231,0.963837291051891,0.6254091319493346,REVIEW,False,0,,REVIEW,1.9495415901019164,5.542059401266124,0.35177204879047835,False,REVIEW,False,REVIEW
334,3,Explode,FAIL,Good,Good,0.012140037789626449,0.4733144495963815,0.5145455126139921,0.03530722233284059,0.19232499768024267,0.7723677799869167,0.22763222001308325,0.963837291051891,0.6254091319493346,REVIEW,False,0,,REVIEW,2.138355638239202,5.542059401266124,0.38584134225459205,False,REVIEW,False,REVIEW
337,2,Explode,FAIL,Good,Good,0.019877658012169393,0.09742925254254854,0.8826930894452821,0.011320536181919555,0.04325427128297554,0.9454251925351048,0.05457480746489518,0.9636029991363002,0.5732971203147535,REVIEW,False,0,,REVIEW,1.8253275401322862,5.797883774611968,0.3148265144819066,False,REVIEW,False,REVIEW
338,1,Good,PASS,Good,Good,0.005672955899656937,0.4197309615152062,0.5745960825851372,0.03132781263631362,0.1500406368612036,0.8186315505024828,0.18136844949751718,0.9684448417522019,0.6483989643916256,REVIEW,False,0,,REVIEW,2.26155919830288,5.806749667051168,0.3894707586820018,False,REVIEW,False,REVIEW
340,3,Good,PASS,Good,Good,0.0,0.3998752970867447,0.600124702913255,0.02747723955011148,0.14358222398450715,0.8289405364653814,0.17105946353461865,0.963837291051891,0.6254091319493346,REVIEW,False,0,,REVIEW,2.340796618724841,5.542059401266124,0.4223694567745103,False,REVIEW,False,REVIEW
342,5,Good,PASS,Good,Good,0.0,0.3989383282033469,0.6010616717966532,0.025022917735779124,0.12018312256103053,0.8547939597031903,0.14520604029680972,0.9600876803717303,0.5036582252577105,REVIEW,False,0,,REVIEW,1.931426074960446,5.6822615427468515,0.33990446592973594,False,REVIEW,False,REVIEW
343,1,Good,PASS,Good,Good,0.0004524549409571163,0.1018397497730698,0.8977077952859732,0.010375117605397466,0.03826673166257441,0.9513581507320282,0.04864184926797177,0.9684448417522019,0.6483989643916256,REVIEW,False,0,,REVIEW,1.9885968141404315,5.806749667051168,0.3424629832803344,False,REVIEW,False,REVIEW
344,5,Good,PASS,Good,Good,0.0,0.2391068060832933,0.7608931939167063,0.01421560192435499,0.07386612365421778,0.9119182744214273,0.08808172557857274,0.9600876803717303,0.5036582252577105,REVIEW,False,0,,REVIEW,2.1960697239735243,5.6822615427468515,0.3864781139433308,False,REVIEW,False,REVIEW
345,2,Good,PASS,Good,Good,0.0017786069651741295,0.43194983805428744,0.5662715549805385,0.026069932642196758,0.15678861436456576,0.8171414529932376,0.1828585470067624,0.9636029991363002,0.5732971203147535,REVIEW,False,0,,REVIEW,1.9874308195988928,5.797883774611968,0.34278555708576697,False,REVIEW,False,REVIEW
346,1,Good,PASS,Good,Good,0.015905410872394603,0.17212344308459337,0.8119711460430121,0.014738392415158959,0.054812624622340156,0.9304489829625009,0.06955101703749911,0.9684448417522019,0.6483989643916256,REVIEW,False,0,,REVIEW,1.4397992613815591,5.806749667051168,0.2479527005531702,False,REVIEW,False,REVIEW
347,1,Good,PASS,Good,Good,0.009419237788841094,0.3326223322467257,0.6579584299644333,0.02439997246113812,0.10685708070919209,0.8687429468296697,0.13125705317033032,0.9684448417522019,0.6483989643916256,REVIEW,False,0,,REVIEW,1.5286905153011479,5.806749667051168,0.2632609640424641,False,REVIEW,False,REVIEW
349,2,Explode,FAIL,Good,Good,0.0017786069651741295,0.17913135961238716,0.8190900334224387,0.012888259244360122,0.05790386220131318,0.9292078785543266,0.07079212144567337,0.9636029991363002,0.5732971203147535,REVIEW,False,0,,REVIEW,2.00069633316229,5.797883774611968,0.3450735494083252,False,REVIEW,False,REVIEW
350,4,Good,PASS,Explode,Good,0.006665088111866116,0.5399441289865258,0.4533907829016081,0.044524895618549776,0.18163306749938685,0.7738420368820633,0.22615796311793668,0.9597281579652571,0.4342629915682729,REVIEW,False,0,,REVIEW,1.8620987707684937,5.739317976054428,0.32444600186599504,False,REVIEW,False,REVIEW
352,2,Good,PASS,Explode,Good,0.006760814289833749,0.51023994757101,0.48299923813915635,0.03238598913401793,0.20924576317133897,0.7583682476946431,0.24163175230535694,0.9636029991363002,0.5732971203147535,REVIEW,False,0,,REVIEW,1.9943442772167614,5.797883774611968,0.3439779676077132,False,REVIEW,False,REVIEW
353,4,Good,PASS,Good,Good,0.017582943947306705,0.1280301077810479,0.8543869482716455,0.010194352767011534,0.054616553726042204,0.9351890935069462,0.06481090649305377,0.9597281579652571,0.4342629915682729,REVIEW,False,0,,REVIEW,2.3199266245429464,5.739317976054428,0.40421643028355286,False,REVIEW,False,REVIEW
354,2,Good,PASS,Explode,Good,0.0,0.6176103939105295,0.38238960608947026,0.03889921522862846,0.29175739201457673,0.6693433927567948,0.3306566072432052,0.9636029991363002,0.5732971203147535,REVIEW,False,0,,REVIEW,2.053968390509569,5.797883774611968,0.354261739344203,False,REVIEW,False,REVIEW
355,1,Good,PASS,Good,Good,0.0036025670479478814,0.45035970574790163,0.5460377272041502,0.03388467965763359,0.16791099601707352,0.7982043243252929,0.20179567567470713,0.9684448417522019,0.6483989643916256,REVIEW,False,0,,REVIEW,1.4743231375384858,5.806749667051168,0.25389817403428533,False,REVIEW,False,REVIEW
357,2,Good,PASS,Good,Good,0.0,0.3911577176948819,0.6088422823051182,0.023222176152490188,0.13413181216832007,0.8426460116791897,0.15735398832081027,0.9636029991363002,0.5732971203147535,REVIEW,False,0,,REVIEW,1.730203124147197,5.797883774611968,0.2984197668334587,False,REVIEW,False,REVIEW
358,1,Good,PASS,Explode,Good,0.024812191112568927,0.48870009141883836,0.4864877174685929,0.042728413624564136,0.20349711139279428,0.7537744749826416,0.2462255250173584,0.9684448417522019,0.6483989643916256,REVIEW,False,0,,REVIEW,1.3981978362019911,5.806749667051168,0.240788378416877,False,REVIEW,False,REVIEW
359,4,Good,PASS,Good,Good,0.00043295789247474947,0.17309852687701138,0.8264685152305139,0.010796626320574198,0.06013235876401309,0.9290710149154128,0.07092898508458723,0.9597281579652571,0.4342629915682729,REVIEW,False,0,,REVIEW,1.5471233974499277,5.739317976054428,0.2695657226006353,False,REVIEW,False,REVIEW
360,3,Good,PASS,Good,Good,0.006231135851795321,0.17690612524212168,0.8168627389060831,0.015244162485356951,0.05981145028042106,0.924944387234222,0.07505561276577799,0.963837291051891,0.6254091319493346,REVIEW,False,0,,REVIEW,1.8753847724697306,5.542059401266124,0.33839131569778647,False,REVIEW,False,REVIEW
363,2,Good,PASS,Good,Good,0.0017786069651741295,0.4172511068750584,0.5809702861597671,0.025117685357235617,0.1485218006737211,0.8263605139690433,0.1736394860309567,0.9636029991363002,0.5732971203147535,REVIEW,False,0,,REVIEW,1.6189039295786185,5.797883774611968,0.2792232463623274,False,REVIEW,False,REVIEW
364,1,Good,PASS,Good,Good,0.013613825236407478,0.21366170234594198,0.7727244724176513,0.016793933799496872,0.06529422038458846,0.9179118458159146,0.08208815418408544,0.9684448417522019,0.6483989643916256,REVIEW,False,0,,REVIEW,1.9843562509657688,5.806749667051168,0.34173270155341157,False,REVIEW,False,REVIEW
366,3,Good,PASS,Good,Good,0.013825027719142484,0.2779844153263325,0.7081905569545248,0.02144290673184344,0.09215868235534003,0.8863984109128166,0.11360158908718343,0.963837291051891,0.6254091319493346,REVIEW,False,0,,REVIEW,1.69615446286794,5.542059401266124,0.30605129610852616,False,REVIEW,False,REVIEW
367,2,Good,PASS,Explode,Good,0.007860634166561697,0.6081426957388124,0.383996670094626,0.03993835859886862,0.2877074047790311,0.6723542366221004,0.32764576337789963,0.9636029991363002,0.5732971203147535,REVIEW,False,0,,REVIEW,1.9590282685634868,5.797883774611968,0.3378867781278692,False,REVIEW,False,REVIEW
368,5,Explode,FAIL,Good,Good,0.006035726725381898,0.2581162935606892,0.7358479797139286,0.015871030175870906,0.0796014516302062,0.9045275181939227,0.09547248180607726,0.9600876803717303,0.5036582252577105,REVIEW,False,0,,REVIEW,1.467115748414399,5.6822615427468515,0.25819222458830776,False,REVIEW,False,REVIEW
369,5,Explode,FAIL,Good,Good,0.08487913276075204,0.12616586321899448,0.7889550040202535,0.01688073503741689,0.06431545669069248,0.9188038082718908,0.08119619172810921,0.9600876803717303,0.5036582252577105,REVIEW,False,0,,REVIEW,2.277247474925791,5.6822615427468515,0.4007642833393676,False,REVIEW,False,REVIEW
371,1,Explode,FAIL,Good,Good,0.0004524549409571163,0.41002838206589376,0.5895191629931493,0.029478759589954495,0.14253736545114784,0.8279838749588977,0.1720161250411023,0.9684448417522019,0.6483989643916256,REVIEW,False,0,,REVIEW,1.7772947301445121,5.806749667051168,0.3060739367204498,False,REVIEW,False,REVIEW
372,4,Good,PASS,Good,Good,0.00043295789247474947,0.12793417757603254,0.8716328645314927,0.009012427895331685,0.05198490760617468,0.9390026644984936,0.06099733550150643,0.9597281579652571,0.4342629915682729,REVIEW,False,0,,REVIEW,2.2410810527267073,5.739317976054428,0.39047863562829965,False,REVIEW,False,REVIEW
373,3,Explode,FAIL,Explode,Good,0.0655218396253958,0.6229102130268335,0.3115679473477707,0.06336336477788677,0.33763372746980164,0.5990029077523116,0.4009970922476884,0.963837291051891,0.6254091319493346,REVIEW,False,0,,REVIEW,2.7082578321145587,5.542059401266124,0.48867354822935266,False,REVIEW,False,REVIEW
374,4,Explode,FAIL,Good,Good,0.08374284994167268,0.2618605717616487,0.6543965782966785,0.02737131657172986,0.09944403964026353,0.8731846437880066,0.12681535621199336,0.9597281579652571,0.4342629915682729,REVIEW,False,0,,REVIEW,1.963536926456693,5.739317976054428,0.34212025447082006,False,REVIEW,False,REVIEW
375,1,Good,PASS,Good,Good,0.0034723086504659982,0.23335868264608664,0.7631690087034476,0.016853853840207888,0.06905142602465128,0.9140947201351409,0.08590527986485907,0.9684448417522019,0.6483989643916256,REVIEW,True,1,current_min_positive_a,REVIEW,2.768651005919595,5.806749667051168,0.4767987539792798,False,REVIEW,True,REVIEW
376,4,Good,PASS,Explode,Good,0.0,0.5660593325375187,0.4339406674624815,0.04659664572505879,0.19169027218139983,0.7617130820935415,0.2382869179064585,0.9597281579652571,0.4342629915682729,REVIEW,False,0,,REVIEW,2.4027189089212087,5.739317976054428,0.4186418872322161,False,REVIEW,False,REVIEW
377,5,Good,PASS,Good,Good,0.0,0.36613863242402134,0.6338613675759787,0.02234271546786662,0.10905726111128652,0.8686000234208469,0.13139997657915314,0.9600876803717303,0.5036582252577105,REVIEW,False,0,,REVIEW,2.0511822743463055,5.6822615427468515,0.3609799124724462,False,REVIEW,False,REVIEW
378,3,Explode,FAIL,Good,Good,0.02818872843448884,0.2492961201761367,0.7225151513893746,0.021557681890236914,0.08490193009213183,0.8935403880176311,0.10645961198236886,0.963837291051891,0.6254091319493346,REVIEW,False,0,,REVIEW,2.1379754141113385,5.542059401266124,0.3857727352440326,False,REVIEW,False,REVIEW
379,4,Good,PASS,Good,Good,0.0,0.17866121234831828,0.8213387876516816,0.011004231740090709,0.06113849203081854,0.9278572762290908,0.07214272377090925,0.9597281579652571,0.4342629915682729,REVIEW,False,0,,REVIEW,1.6876308377552307,5.739317976054428,0.29404727962387883,False,REVIEW,False,REVIEW
380,1,Good,PASS,Good,Good,0.009237668250046856,0.3350085386560093,0.655753793093944,0.02456167624129831,0.10785870830363904,0.8675796154550626,0.13242038454493743,0.9684448417522019,0.6483989643916256,REVIEW,False,0,,REVIEW,2.2599123205873752,5.806749667051168,0.3891871443004745,False,REVIEW,False,REVIEW
382,2,Good,PASS,Good,Good,0.0,0.4114744044054784,0.5885255955945219,0.024479929558828363,0.14474969039328292,0.8307703800478887,0.16922961995211128,0.9636029991363002,0.5732971203147535,REVIEW,False,0,,REVIEW,1.6494508649551425,5.797883774611968,0.2844918817065343,False,REVIEW,False,REVIEW
383,4,Good,PASS,Good,Good,0.00043295789247474947,0.12467815845837853,0.8748888836491466,0.008895288608067719,0.05143898953268918,0.9396657218592431,0.06033427814075687,0.9597281579652571,0.4342629915682729,REVIEW,False,0,,REVIEW,1.5110628856934285,5.739317976054428,0.26328265692855535,False,REVIEW,False,REVIEW
384,5,Good,PASS,Good,Good,0.0,0.20287366834928322,0.7971263316507168,0.012454953758044469,0.0658823975533347,0.9216626486886208,0.0783373513113792,0.9600876803717303,0.5036582252577105,REVIEW,False,0,,REVIEW,1.7941484916211223,5.6822615427468515,0.3157454964232105,False,REVIEW,False,REVIEW
385,4,Explode,FAIL,Good,Good,0.009217763215560702,0.20412666395891313,0.7866555728255263,0.012996604310809614,0.06804337661174499,0.9189600190774455,0.08103998092255449,0.9597281579652571,0.4342629915682729,REVIEW,False,0,,REVIEW,1.6891526660419853,5.739317976054428,0.29431243800909185,False,REVIEW,False,REVIEW
386,5,Good,PASS,Good,Good,0.0,0.3983027045549079,0.6016972954450918,0.024968426879487898,0.11995894084229555,0.8550726322782166,0.14492736772178338,0.9600876803717303,0.5036582252577105,REVIEW,False,0,,REVIEW,1.3635619772581502,5.6822615427468515,0.23996818291454308,False,REVIEW,False,REVIEW
387,3,Good,PASS,Good,Good,0.042644590942027494,0.29624208571686994,0.6611133233411025,0.02682916509777068,0.10583603083042892,0.8673348040718004,0.1326651959281996,0.963837291051891,0.6254091319493346,REVIEW,False,0,,REVIEW,1.9874386493624137,5.542059401266124,0.35861013126426766,False,REVIEW,False,REVIEW
388,4,Good,PASS,Good,Good,0.03782553418226954,0.35958248681004074,0.6025919790076897,0.028796332154795816,0.1181622586490487,0.8530414091961555,0.14695859080384455,0.9597281579652571,0.4342629915682729,REVIEW,False,0,,REVIEW,2.6176364772360907,5.739317976054428,0.456088421683097,False,REVIEW,False,REVIEW
389,4,Good,PASS,Good,Good,0.10292840239532339,0.04260893415566434,0.8544626634490121,0.013330855520901913,0.052864360898599125,0.933804783580499,0.06619521641950099,0.9597281579652571,0.4342629915682729,REVIEW,False,0,,REVIEW,1.7412760180631237,5.739317976054428,0.30339424045297236,False,REVIEW,False,REVIEW
390,1,Good,PASS,Good,Good,0.1225317530921762,0.38988630341910147,0.4875819434887224,0.05708922822208973,0.17778221901955496,0.7651285527583553,0.23487144724164466,0.9684448417522019,0.6483989643916256,REVIEW,False,0,,REVIEW,2.2269135866723846,5.806749667051168,0.38350432072324453,False,REVIEW,False,REVIEW
391,2,Explode,FAIL,Good,Good,0.12164994578823596,0.21356729493947782,0.6647827592722861,0.030638858997774993,0.09145252216746036,0.8779086188347647,0.12209138116523532,0.9636029991363002,0.5732971203147535,REVIEW,False,0,,REVIEW,2.6244877472411634,5.797883774611968,0.4526630490133982,False,REVIEW,False,REVIEW
392,2,Good,PASS,Good,Good,0.024543562097109037,0.09335688453815322,0.8820995533647378,0.011526756592378897,0.043076933463756295,0.9453963099438648,0.05460369005613519,0.9636029991363002,0.5732971203147535,REVIEW,False,0,,REVIEW,2.067287182346539,5.797883774611968,0.3565589209288514,False,REVIEW,False,REVIEW
393,1,Good,PASS,Good,Good,0.0637265106994512,0.345395020394378,0.5908784689061711,0.03541298579285045,0.12997626494509865,0.8346107492620509,0.16538925073794908,0.9684448417522019,0.6483989643916256,REVIEW,False,0,,REVIEW,1.9791871185663372,5.806749667051168,0.34084250777964475,False,REVIEW,False,REVIEW
394,2,Good,PASS,Good,Good,0.022004572112577135,0.08180953815489467,0.8961858897325282,0.010941636168231263,0.04073443428190456,0.9483239295498642,0.05167607045013578,0.9636029991363002,0.5732971203147535,REVIEW,False,0,,REVIEW,1.9014682779024332,5.797883774611968,0.3279590195009888,False,REVIEW,False,REVIEW
395,3,Good,PASS,Good,Good,0.15735758758676383,0.158404013015668,0.6842383993975683,0.03623718598499622,0.07925444727837581,0.8845083667366279,0.11549163326337208,0.963837291051891,0.6254091319493346,REVIEW,False,0,,REVIEW,2.3674457580798225,5.542059401266124,0.4271779832491442,False,REVIEW,False,REVIEW
396,4,Good,PASS,Good,Good,0.036023812848926216,0.289002407848855,0.6749737793022185,0.021811651919899522,0.09527381915422431,0.8829145289258762,0.11708547107412381,0.9597281579652571,0.4342629915682729,REVIEW,False,0,,REVIEW,2.2636479832976137,5.739317976054428,0.3944106238305669,False,REVIEW,False,REVIEW
397,3,Good,PASS,Good,Good,0.18540518968133882,0.323230217639829,0.491364592678832,0.06580070001177143,0.15750869830730246,0.7766906016809261,0.22330939831907393,0.963837291051891,0.6254091319493346,REVIEW,False,0,,REVIEW,3.6059492311085135,5.542059401266124,0.6506514943316392,False,REVIEW,False,REVIEW
398,3,Good,PASS,Good,Good,0.06845641525377757,0.017410860072398684,0.914132724673824,0.013781527794794678,0.03552767657816787,0.9506907956270374,0.0493092043729626,0.963837291051891,0.6254091319493346,REVIEW,False,0,,REVIEW,2.87020855889721,5.542059401266124,0.517895668574301,False,REVIEW,False,REVIEW
399,1,Good,PASS,Explode,Good,0.13966800008085414,0.6025300648394032,0.2578019350797429,0.10183258519663793,0.36025711421711365,0.5379103005862484,0.46208969941375155,0.9684448417522019,0.6483989643916256,REVIEW,False,0,,REVIEW,2.9474768025019538,5.806749667051168,0.5075949492409867,False,REVIEW,False,REVIEW
400,2,Bad,FAIL,Explode,Good,0.011078542025531343,0.6836306581520867,0.30529079982238133,0.046273162376190176,0.3593178399203277,0.5944089977034821,0.4055910022965179,0.9636029991363002,0.5732971203147535,REVIEW,True,1,thickness_b_mm,REVIEW,9.228182693945582,5.797883774611968,1.5916467201971796,True,REVIEW,True,REVIEW
401,3,Explode,FAIL,Explode,Good,0.2767949765678886,0.3638485107599592,0.35935651267215224,0.11738044363492355,0.20977728847897764,0.6728422678860989,0.3271577321139011,0.963837291051891,0.6254091319493346,REVIEW,False,0,,REVIEW,9.062786238658346,5.542059401266124,1.635274107056284,True,REVIEW,True,REVIEW
403,2,Good,PASS,Good,Good,0.1320878392410352,0.09708652423603276,0.770825636522932,0.023415919569871536,0.05876404926648986,0.9178200311636386,0.08217996883636136,0.9636029991363002,0.5732971203147535,REVIEW,False,0,,REVIEW,4.6545754171603955,5.797883774611968,0.8028059199016817,False,REVIEW,False,REVIEW
404,5,Good,PASS,Good,Good,0.006092273252681844,0.0390741587310228,0.9548335680162952,0.007057371453606217,0.03941737275316614,0.9535252557932276,0.046474744206772445,0.9600876803717303,0.5036582252577105,REVIEW,False,0,,REVIEW,2.7022364170424154,5.6822615427468515,0.4755565010012074,False,REVIEW,False,REVIEW
405,3,Good,PASS,Good,Good,0.0016399286987522283,0.03493496156395741,0.9634251097372903,0.009577886112587534,0.032325708842488685,0.9580964050449237,0.04190359495507634,0.963837291051891,0.6254091319493346,REVIEW,False,0,,REVIEW,2.196685677245571,5.542059401266124,0.39636631768034136,False,REVIEW,False,REVIEW
406,4,Good,PASS,Good,Good,0.0,0.131243218644916,0.8687567813550839,0.009104679058822411,0.052480040900781885,0.9384152800403958,0.06158471995960424,0.9597281579652571,0.4342629915682729,REVIEW,False,0,,REVIEW,2.7592715191021977,5.739317976054428,0.4807664483157102,False,REVIEW,False,REVIEW
407,4,Good,PASS,Good,Good,0.008801066380514654,0.07108807992437394,0.9201108536951114,0.007610042153324574,0.04425277428205967,0.9481371835646158,0.05186281643538415,0.9597281579652571,0.4342629915682729,REVIEW,False,0,,REVIEW,2.102349647311683,5.739317976054428,0.3663065291177632,False,REVIEW,False,REVIEW
408,5,Good,PASS,Good,Good,0.0791725695259326,0.022688752286610398,0.8981386781874572,0.011064283719836088,0.04546275787271848,0.9434729584074454,0.05652704159255462,0.9600876803717303,0.5036582252577105,REVIEW,False,0,,REVIEW,2.8928159917359815,5.6822615427468515,0.5090958890177326,False,REVIEW,False,REVIEW
410,3,Good,PASS,Good,Good,0.06223887686555886,0.11559837834073174,0.8221627447937097,0.01791472615488057,0.0530758637699167,0.9290094100752028,0.07099058992479723,0.963837291051891,0.6254091319493346,REVIEW,False,0,,REVIEW,3.450560016827007,5.542059401266124,0.6226133224120083,False,REVIEW,False,REVIEW
411,4,Good,PASS,Good,Good,0.0014614533382515677,0.1473482518553999,0.8511902948063482,0.009813947376424288,0.05551591082019042,0.9346701418033853,0.06532985819661474,0.9597281579652571,0.4342629915682729,REVIEW,False,0,,REVIEW,3.00104959470953,5.739317976054428,0.5228930697393843,False,REVIEW,False,REVIEW
413,5,Good,PASS,Good,Good,0.06121291115660828,0.01043957763168083,0.9283475112117111,0.009321588302554692,0.04163554396040764,0.9490428677370376,0.05095713226296239,0.9600876803717303,0.5036582252577105,REVIEW,False,0,,REVIEW,2.59942957649543,5.6822615427468515,0.457463908857466,False,REVIEW,False,REVIEW
414,3,Good,PASS,Good,Good,0.19970748952443362,0.11485458871673003,0.6854379217588363,0.0412378089032997,0.07317458386594844,0.8855876072307518,0.1144123927692482,0.963837291051891,0.6254091319493346,REVIEW,False,0,,REVIEW,2.494851574662831,5.542059401266124,0.4501668773331559,False,REVIEW,False,REVIEW
415,2,Good,PASS,Good,Good,0.14767346720679236,0.2159191587702767,0.6364073740229311,0.03627609709976664,0.09849689012155244,0.865227012778681,0.13477298722131903,0.9636029991363002,0.5732971203147535,REVIEW,False,0,,REVIEW,3.4094111319646143,5.797883774611968,0.5880440630586449,False,REVIEW,False,REVIEW
416,4,Good,PASS,Good,Good,0.0,0.06489969368495176,0.9351003063150481,0.006965108067238705,0.04226760939450554,0.9507672825382557,0.04923271746174429,0.9597281579652571,0.4342629915682729,REVIEW,False,0,,REVIEW,2.2352806989298215,5.739317976054428,0.38946800094642875,False,REVIEW,False,REVIEW
417,5,Good,PASS,Good,Good,0.002929606625258799,0.08043413346205362,0.9166362599126876,0.00806671413668304,0.04475266085945435,0.9471806250038625,0.052819374996137536,0.9600876803717303,0.5036582252577105,REVIEW,False,0,,REVIEW,2.7630905131244643,5.6822615427468515,0.4862659862342,False,REVIEW,False,REVIEW
418,3,Good,PASS,Good,Good,0.026065399663718535,0.10124305672358663,0.872691543612695,0.013706063944399513,0.045678981165362106,0.9406149548902383,0.059385045109761725,0.963837291051891,0.6254091319493346,REVIEW,False,0,,REVIEW,2.6916932483672453,5.542059401266124,0.48568466223085016,False,REVIEW,False,REVIEW
419,3,Good,PASS,Good,Good,0.011126958678282695,0.06636902144725886,0.9225040198744584,0.011212850555185566,0.037912404714647366,0.9508747447301672,0.0491252552698328,0.963837291051891,0.6254091319493346,REVIEW,False,0,,REVIEW,2.9705896777834058,5.542059401266124,0.5360082710598072,False,REVIEW,False,REVIEW
420,5,Good,PASS,Good,Good,0.0,0.01596678913743474,0.9840332108625652,0.0061951692255756245,0.035928915744165166,0.9578759150302592,0.04212408496974085,0.9600876803717303,0.5036582252577105,REVIEW,False,0,,REVIEW,2.2725649472952165,5.6822615427468515,0.39994022277908736,False,REVIEW,False,REVIEW
422,5,Explode,FAIL,Good,Good,0.08993733721690757,0.00426979710782427,0.9057928656752682,0.011132003958390514,0.04406472517314707,0.9448032708684624,0.055196729131537614,0.9600876803717303,0.5036582252577105,REVIEW,False,0,,REVIEW,3.1990182349192526,5.6822615427468515,0.5629832789028612,False,REVIEW,False,REVIEW
423,2,Good,PASS,Good,Good,0.1714383261206013,0.24540555107623827,0.5831561228031603,0.04544453765925579,0.11679604474459265,0.8377594175961517,0.1622405824038483,0.9636029991363002,0.5732971203147535,REVIEW,False,0,,REVIEW,4.79652633783314,5.797883774611968,0.8272891496784367,False,REVIEW,False,REVIEW
427,5,Good,PASS,Good,Good,0.0,0.0024,0.9975999999999999,0.0058840767785547305,0.0343534266845354,0.9597624965369099,0.040237503463090074,0.9600876803717303,0.5036582252577105,REVIEW,False,0,,REVIEW,2.376307427957134,5.6822615427468515,0.41819747473440083,False,REVIEW,False,REVIEW
428,4,Good,PASS,Good,Good,0.008151890312616861,0.06964919121799791,0.9221989184693854,0.007530509884004554,0.04396178483524149,0.948507705280754,0.05149229471924599,0.9597281579652571,0.4342629915682729,REVIEW,False,0,,REVIEW,2.0803779066591823,5.739317976054428,0.36247824486096275,False,REVIEW,False,REVIEW
429,1,Good,PASS,Good,Good,0.01617206100425246,0.01581766289394298,0.9680102761018045,0.008398163365373992,0.027200370840516686,0.9644014657941093,0.03559853420589065,0.9684448417522019,0.6483989643916256,REVIEW,False,0,,REVIEW,2.1528241487076527,5.806749667051168,0.3707451280228717,False,REVIEW,False,REVIEW
430,4,Good,PASS,Explode,Good,0.06040442886132308,0.49168449722082497,0.44791107391785184,0.05351353735168362,0.17985449285794045,0.766631969790376,0.23336803020962404,0.9597281579652571,0.4342629915682729,REVIEW,True,1,thickness_a_mm,REVIEW,3.627936702444462,5.739317976054428,0.6321198298440569,False,REVIEW,True,REVIEW
431,1,Good,PASS,Good,Good,0.07955574072303935,0.13227646833749349,0.7881677909394672,0.019258717253376252,0.055492199484022994,0.9252490832626008,0.0747509167373992,0.9684448417522019,0.6483989643916256,REVIEW,False,0,,REVIEW,2.471442097333335,5.806749667051168,0.4256154025989557,False,REVIEW,False,REVIEW
432,5,Good,PASS,Good,Good,0.0010247747747747747,0.08242405494598666,0.9165511702792386,0.008019658448791739,0.04481451290013061,0.9471658286510776,0.05283417134892243,0.9600876803717303,0.5036582252577105,REVIEW,False,0,,REVIEW,2.6158001899061367,5.6822615427468515,0.4603449120086855,False,REVIEW,False,REVIEW
433,1,Good,PASS,Good,Good,0.02007224711503978,0.11151220539178448,0.8684155474931757,0.012201843946143045,0.042410122510674365,0.9453880335431826,0.05461196645681743,0.9684448417522019,0.6483989643916256,REVIEW,False,0,,REVIEW,2.835206980184989,5.806749667051168,0.48826058341598655,False,REVIEW,False,REVIEW
434,1,Good,PASS,Good,Good,0.039746801607984356,0.01867249364072627,0.9415807047512895,0.009901610807709665,0.02963256478816074,0.9604658244041295,0.03953417559587047,0.9684448417522019,0.6483989643916256,REVIEW,False,0,,REVIEW,2.544821203931019,5.806749667051168,0.43825226673209616,False,REVIEW,False,REVIEW
435,3,Good,PASS,Good,Good,0.09257595554854882,0.009921960365980309,0.8975020840854707,0.01565157207015026,0.03655886656641283,0.947789561363437,0.05221043863656305,0.963837291051891,0.6254091319493346,REVIEW,False,0,,REVIEW,2.3473484063595467,5.542059401266124,0.42355165046106824,False,REVIEW,False,REVIEW
436,4,Good,PASS,Good,Good,0.0,0.006467831673185848,0.993532168326814,0.005489134191385741,0.03485528489778371,0.9596555809108305,0.040344419089169525,0.9597281579652571,0.4342629915682729,REVIEW,False,0,,REVIEW,2.3515475481204136,5.739317976054428,0.40972595662612454,False,REVIEW,False,REVIEW
437,2,Good,PASS,Good,Good,0.0006049069373942474,0.02402720706546638,0.9753678859971395,0.007941748725494103,0.029966114579374696,0.9620921366951312,0.03790786330486884,0.9636029991363002,0.5732971203147535,REVIEW,False,0,,REVIEW,2.4254756396305392,5.797883774611968,0.4183380926418912,False,REVIEW,False,REVIEW
439,3,Good,PASS,Good,Good,0.0,0.006586731760345311,0.9934132682396546,0.008670557020702154,0.02847313162052154,0.9628563113587764,0.03714368864122364,0.963837291051891,0.6254091319493346,REVIEW,False,0,,REVIEW,2.7327106150280454,5.542059401266124,0.49308576779305857,False,REVIEW,False,REVIEW
440,5,Good,PASS,Good,Good,0.0,0.0028806584362139915,0.997119341563786,0.005894835856635028,0.03440809880769477,0.9596970653356703,0.04030293466432966,0.9600876803717303,0.5036582252577105,REVIEW,False,0,,REVIEW,2.204338523826475,5.6822615427468515,0.38793330916634994,False,REVIEW,False,REVIEW
441,2,Good,PASS,Good,Good,0.0,0.06198019897750844,0.9380198010224914,0.008905329637094107,0.035185349500963053,0.9559093208619428,0.0440906791380572,0.9636029991363002,0.5732971203147535,REVIEW,False,0,,REVIEW,2.258939160043959,5.797883774611968,0.3896144262041785,False,REVIEW,False,REVIEW
442,4,Good,PASS,Good,Good,0.010873933098992,0.2558972870786469,0.7332287798223612,0.016105773434533656,0.08042715734478252,0.9034670692206839,0.09653293077931613,0.9597281579652571,0.4342629915682729,REVIEW,False,0,,REVIEW,2.355518182916212,5.739317976054428,0.41041778705133614,False,REVIEW,False,REVIEW
443,3,Good,PASS,Good,Good,0.0,0.002776119402985076,0.9972238805970149,0.008566839460933744,0.028006200446576132,0.9634269600924902,0.03657303990750982,0.963837291051891,0.6254091319493346,REVIEW,False,0,,REVIEW,1.9979605183719549,5.542059401266124,0.3605086798448075,False,REVIEW,False,REVIEW
446,2,Good,PASS,Good,Good,0.0,0.2857045822731732,0.7142954177268267,0.017398629574332712,0.08898405563454537,0.8936173147911219,0.10638268520887806,0.9636029991363002,0.5732971203147535,REVIEW,False,0,,REVIEW,2.98649670049435,5.797883774611968,0.5151011673555367,False,REVIEW,False,REVIEW
447,1,Good,PASS,Good,Good,0.036521722829782235,0.11185793192585788,0.8516203452443598,0.013588286642855241,0.044630174480997216,0.9417815388761475,0.05821846112385254,0.9684448417522019,0.6483989643916256,REVIEW,False,0,,REVIEW,2.0802514473879397,5.806749667051168,0.3582471376701091,False,REVIEW,False,REVIEW
448,1,Good,PASS,Good,Good,0.006269155343628008,0.031691811473784144,0.9620390331825881,0.008343789889058722,0.02835880334087958,0.9632974067700616,0.03670259322993841,0.9684448417522019,0.6483989643916256,REVIEW,False,0,,REVIEW,1.8482380680387944,5.806749667051168,0.3182913288868163,False,REVIEW,False,REVIEW
449,2,Good,PASS,Good,Good,0.0,0.09886005723209297,0.901139942767907,0.009981822007514714,0.041152705828246615,0.9488654721642388,0.05113452783576122,0.9636029991363002,0.5732971203147535,REVIEW,False,0,,REVIEW,2.094244419687254,5.797883774611968,0.36120841691543126,False,REVIEW,False,REVIEW
450,2,Good,PASS,Good,Good,0.0,0.06357780877169471,0.9364221912283053,0.008949662626153716,0.03542574005593909,0.9556245973179073,0.044375402682092724,0.9636029991363002,0.5732971203147535,REVIEW,False,0,,REVIEW,2.4769304650044184,5.797883774611968,0.42721285236011663,False,REVIEW,False,REVIEW
451,3,Good,PASS,Good,Good,0.006148342576520893,0.004934007092637777,0.9889176503308412,0.008965937472153717,0.02872078854699241,0.9623132739808539,0.03768672601914613,0.963837291051891,0.6254091319493346,REVIEW,False,0,,REVIEW,2.875919150961307,5.542059401266124,0.5189260783282622,False,REVIEW,False,REVIEW
452,1,Good,PASS,Good,Good,0.0028054740957966762,0.008971462976133741,0.9882230629280696,0.00750187337457343,0.025294650674530895,0.9672034759508956,0.03279652404910438,0.9684448417522019,0.6483989643916256,REVIEW,False,0,,REVIEW,2.4146000870502733,5.806749667051168,0.41582644775463096,False,REVIEW,False,REVIEW
454,3,Good,PASS,Good,Good,0.033026132375504114,0.005815665073318,0.961158202551178,0.010646162542215483,0.030888272264702563,0.958465565193082,0.041534434806917986,0.963837291051891,0.6254091319493346,REVIEW,False,0,,REVIEW,2.762409407454554,5.542059401266124,0.4984445686062948,False,REVIEW,False,REVIEW
455,4,Good,PASS,Good,Good,0.0,0.004155844155844156,0.9958441558441558,0.005437453739983942,0.0345890985482208,0.9599734477117952,0.04002655228820484,0.9597281579652571,0.4342629915682729,PASS,False,0,,PASS,2.598255613674326,5.739317976054428,0.45271156337996316,False,PASS,False,PASS
456,3,Good,PASS,Good,Good,0.0,0.024980646774318573,0.9750193532256813,0.009187902770924992,0.030834710732831623,0.9599773864962434,0.04002261350375658,0.963837291051891,0.6254091319493346,REVIEW,False,0,,REVIEW,2.8578118183063825,5.542059401266124,0.5156588212774288,False,REVIEW,False,REVIEW
457,3,Good,PASS,Good,Good,0.0,0.01841348448279866,0.9815865155172012,0.008999979683475275,0.029970663537087834,0.9610293567794369,0.038970643220563095,0.963837291051891,0.6254091319493346,REVIEW,False,0,,REVIEW,2.699802372223611,5.542059401266124,0.4871478590804749,False,REVIEW,False,REVIEW
458,5,Good,PASS,Good,Good,0.0,0.017730212822982726,0.9822697871770174,0.0062367533221226006,0.03613869422504765,0.9576245524528296,0.042375447547170375,0.9600876803717303,0.5036582252577105,REVIEW,False,0,,REVIEW,2.439144364454431,5.6822615427468515,0.4292559126511675,False,REVIEW,False,REVIEW
459,5,Good,PASS,Good,Good,0.008915838310619009,0.016337842741317676,0.9747463189480633,0.0066052666909745756,0.03685618379158814,0.9565385495174372,0.04346145048256278,0.9600876803717303,0.5036582252577105,REVIEW,False,0,,REVIEW,3.093426116799949,5.6822615427468515,0.5444005161551507,False,REVIEW,False,REVIEW
460,1,Good,PASS,Good,Good,0.09311864557190472,0.005603655745170033,0.9012776986829255,0.013367051902056892,0.03288000500635038,0.9537529430915928,0.04624705690840725,0.9684448417522019,0.6483989643916256,REVIEW,False,0,,REVIEW,2.5065193873045293,5.806749667051168,0.4316561813448057,False,REVIEW,False,REVIEW
461,2,Good,PASS,Good,Good,0.0,0.07810035942513188,0.9218996405748683,0.009362065056330724,0.03768423288541836,0.9529537020582509,0.04704629794174908,0.9636029991363002,0.5732971203147535,REVIEW,False,0,,REVIEW,2.54156208146657,5.797883774611968,0.4383603018390391,False,REVIEW,False,REVIEW
462,1,Good,PASS,Good,Good,0.0,0.003288493597927525,0.9967115064020724,0.00721199704477421,0.02443210001140201,0.9683559029438238,0.03164409705617621,0.9684448417522019,0.6483989643916256,REVIEW,False,0,,REVIEW,1.9972837450860437,5.806749667051168,0.3439589890397877,False,REVIEW,False,REVIEW
463,2,Good,PASS,Good,Good,0.0,0.0045322682028588225,0.9954677317971412,0.007440112645647275,0.027511237702755667,0.9650486496515971,0.03495135034840291,0.9636029991363002,0.5732971203147535,PASS,False,0,,PASS,2.15561643206212,5.797883774611968,0.37179366055960444,False,PASS,False,PASS
465,5,Good,PASS,Good,Good,0.0,0.010374877366606779,0.9896251226333933,0.0060650662712429335,0.03527135366970895,0.9586635800590482,0.04133641994095183,0.9600876803717303,0.5036582252577105,REVIEW,False,0,,REVIEW,2.3955781365497892,5.6822615427468515,0.42158885481215413,False,REVIEW,False,REVIEW
466,1,Good,PASS,Good,Good,0.0,0.0041531700057415195,0.9958468299942584,0.007235081358370162,0.024528929718171635,0.9682359889234583,0.0317640110765417,0.9684448417522019,0.6483989643916256,REVIEW,False,0,,REVIEW,2.6530624294807956,5.806749667051168,0.45689285428212645,False,REVIEW,False,REVIEW
467,4,Good,PASS,Good,Good,0.0,0.038212222153221675,0.9617877778467784,0.006248730867445363,0.03871348971135818,0.9550377794211964,0.04496222057880361,0.9597281579652571,0.4342629915682729,REVIEW,False,0,,REVIEW,2.6381187174846095,5.739317976054428,0.45965718025928576,False,REVIEW,False,REVIEW
468,2,Good,PASS,Good,Good,0.0,0.010738990511596068,0.9892610094884039,0.007586819293831384,0.02825529908287154,0.9641578816232971,0.035842118376702925,0.9636029991363002,0.5732971203147535,PASS,False,0,,PASS,2.281221688899661,5.797883774611968,0.393457643785268,False,PASS,False,PASS
469,2,Good,PASS,Good,Good,0.0,0.08482900919564954,0.9151709908043504,0.00955898440270448,0.03877669688919905,0.9516643187080964,0.048335681291903576,0.9636029991363002,0.5732971203147535,REVIEW,False,0,,REVIEW,2.6467809836799243,5.797883774611968,0.4565081134033364,False,REVIEW,False,REVIEW
470,5,Good,PASS,Good,Good,0.00841149933599404,0.23620917832048424,0.755379322343522,0.014902974117171976,0.07478683532128176,0.9103101905615462,0.08968980943845384,0.9600876803717303,0.5036582252577105,REVIEW,False,0,,REVIEW,3.9766800381175833,5.6822615427468515,0.699841077043283,False,REVIEW,False,REVIEW
471,4,Good,PASS,Good,Good,0.0,0.1581443189603847,0.8418556810396154,0.01014024560659784,0.05724207306506737,0.9326176813283348,0.06738231867166522,0.9597281579652571,0.4342629915682729,REVIEW,False,0,,REVIEW,3.754717909906632,5.739317976054428,0.6542097729333101,False,REVIEW,False,REVIEW
472,5,Good,PASS,Good,Good,0.023866128778223403,0.17203263990996132,0.8041012313118152,0.013114823200508604,0.06354824558685197,0.9233369312126394,0.07666306878736062,0.9600876803717303,0.5036582252577105,REVIEW,False,0,,REVIEW,3.026457141450444,5.6822615427468515,0.5326148961435221,False,REVIEW,False,REVIEW
473,1,Good,PASS,Good,Good,0.0,0.10120883923131448,0.8987911607686851,0.010321049307483317,0.03810580951455369,0.951573141177963,0.04842685882203701,0.9684448417522019,0.6483989643916256,REVIEW,False,0,,REVIEW,2.7306530579120896,5.806749667051168,0.47025499883462213,False,REVIEW,False,REVIEW
475,5,Good,PASS,Good,Good,0.014561750895008952,0.29960974438333304,0.6858285047216579,0.019510592793526228,0.09241714873334883,0.888072258473125,0.11192774152687501,0.9600876803717303,0.5036582252577105,REVIEW,False,0,,REVIEW,2.6724953518547854,5.6822615427468515,0.4703224819466651,False,REVIEW,False,REVIEW
476,2,Good,PASS,Good,Good,0.0030586968228325253,0.03763077165066585,0.9593105315265016,0.008422578661788756,0.03198793855567599,0.9595894827825353,0.04041051721746469,0.9636029991363002,0.5732971203147535,REVIEW,False,0,,REVIEW,2.414177891311671,5.797883774611968,0.4163894940224537,False,REVIEW,False,REVIEW
478,4,Explode,FAIL,Good,Good,0.09021211296155332,0.3656844661133857,0.5441034209250613,0.0419255177108878,0.13667814187186755,0.8213963404172447,0.17860365958275526,0.9597281579652571,0.4342629915682729,REVIEW,False,0,,REVIEW,3.8816148400750055,5.739317976054428,0.6763198791685479,False,REVIEW,False,REVIEW
479,2,Good,PASS,Good,Good,0.0,0.003385573060205942,0.996614426939794,0.00741330164142258,0.027375861744713903,0.9652108366138636,0.03478916338613636,0.9636029991363002,0.5732971203147535,PASS,False,0,,PASS,2.4640460707047747,5.797883774611968,0.42499059423965163,False,PASS,False,PASS
481,3,Good,PASS,Good,Good,0.004244420624315783,0.09836982953971689,0.897385749835967,0.011858925512706139,0.04272207831855437,0.9454189961687395,0.05458100383126052,0.963837291051891,0.6254091319493346,REVIEW,False,0,,REVIEW,2.4292380576299424,5.542059401266124,0.4383276832209639,False,REVIEW,False,REVIEW
482,2,Good,PASS,Good,Good,0.0,0.26209264074791394,0.7379073592520861,0.016261844414212683,0.08093519910838855,0.9028029564773987,0.09719704352260128,0.9636029991363002,0.5732971203147535,REVIEW,False,0,,REVIEW,3.061738137708962,5.797883774611968,0.5280785639608434,False,REVIEW,False,REVIEW
484,5,Good,PASS,Good,Good,0.0017578690899512708,0.13302593368964616,0.8652161972204025,0.009739909616046979,0.052920727060440945,0.937339363323512,0.06266063667648802,0.9600876803717303,0.5036582252577105,REVIEW,False,0,,REVIEW,3.734451252146776,5.6822615427468515,0.6572121371135464,False,REVIEW,False,REVIEW
486,3,Good,PASS,Good,Good,0.0033553615479627883,0.19468452528401148,0.801960113168026,0.015792314635957688,0.06395805302702053,0.9202496323370217,0.07975036766297827,0.963837291051891,0.6254091319493346,REVIEW,True,2,current_mean_positive_a|current_rms_positive_a,REVIEW,3.7438306069846656,5.542059401266124,0.675530580947826,False,REVIEW,True,REVIEW
487,4,Good,PASS,Good,Good,0.0,0.010792640015860054,0.9892073599841399,0.005587090423577057,0.035358474150593414,0.9590544354258295,0.040945564574170534,0.9597281579652571,0.4342629915682729,REVIEW,False,0,,REVIEW,2.3625465362599507,5.739317976054428,0.4116423843594244,False,REVIEW,False,REVIEW
488,1,Explode,FAIL,Good,Good,0.0030473047304730477,0.04632217885986909,0.9506305164096578,0.008620246210278838,0.030010049295646435,0.9613697044940748,0.03863029550592523,0.9684448417522019,0.6483989643916256,REVIEW,False,0,,REVIEW,2.9895493406806017,5.806749667051168,0.5148404033402699,False,REVIEW,False,REVIEW
489,1,Explode,FAIL,Good,Good,0.024355419747616843,0.39316101163620293,0.5824835686161803,0.03233995218249375,0.1418448479263,0.8258151998912062,0.17418480010879378,0.9684448417522019,0.6483989643916256,REVIEW,False,0,,REVIEW,3.150130845960198,5.806749667051168,0.5424946874901057,False,REVIEW,False,REVIEW
491,5,Good,PASS,Good,Good,0.0,0.007946505662108038,0.9920534943378919,0.006009392453800949,0.034989389811255905,0.9590012177349431,0.04099878226505693,0.9600876803717303,0.5036582252577105,REVIEW,False,0,,REVIEW,2.7755733650630887,5.6822615427468515,0.4884627967549262,False,REVIEW,False,REVIEW
492,2,Good,PASS,Good,Good,0.0,0.021054120054198572,0.9789458799458017,0.00783664635008138,0.02953508791805556,0.962628265731863,0.037371734268137,0.9636029991363002,0.5732971203147535,REVIEW,False,0,,REVIEW,2.98701302972037,5.797883774611968,0.5151902221289836,False,REVIEW,False,REVIEW
493,4,Good,PASS,Good,Good,0.02293731058822448,0.299235859095741,0.6778268303160344,0.020709229710978886,0.09493991028932126,0.8843508599997,0.11564914000030002,0.9597281579652571,0.4342629915682729,REVIEW,False,0,,REVIEW,2.5310209273745095,5.739317976054428,0.4409968114564187,False,REVIEW,False,REVIEW
494,5,Good,PASS,Good,Good,0.0,0.1311180712335556,0.8688819287664444,0.00955334943570142,0.05235105358244498,0.9380955969818537,0.06190440301814626,0.9600876803717303,0.5036582252577105,REVIEW,False,0,,REVIEW,2.4358933689676463,5.6822615427468515,0.42868378208971275,False,REVIEW,False,REVIEW
495,2,Good,PASS,Good,Good,0.0,0.018172750268362885,0.9818272497316374,0.007766097156912978,0.029172072269334316,0.9630618305737526,0.03693816942624739,0.9636029991363002,0.5732971203147535,REVIEW,False,0,,REVIEW,2.4588417849899504,5.797883774611968,0.4240929760884198,False,REVIEW,False,REVIEW
